rank,clade,n,intra_avg_euclidean,intra_median_euclidean,intra_std_euclidean,intra_min_euclidean,intra_max_euclidean,intra_avg_shared_proteins,intra_median_shared_proteins,intra_std_shared_proteins,intra_min_shared_proteins,intra_max_shared_proteins
Order,Autographivirales,698,9.02,9.06,1.89,1.0,16.34,0.12,0.07,0.12,0.0,0.98
Order,Bardichvirales,240,8.84,9.0,0.93,3.0,11.18,0.14,0.11,0.1,0.02,0.87
Order,Thumleimavirales,413,11.81,11.31,3.52,1.73,22.58,0.1,0.07,0.12,0.0,0.98
Order,Vilmavirales,788,10.75,10.86,1.7,1.73,18.44,0.1,0.08,0.1,0.0,0.96
Order,Drexlervirales,359,9.85,10.0,1.28,3.0,13.27,0.12,0.08,0.11,0.0,0.83
Order,Dirkvirales,34,9.24,9.7,1.96,3.74,12.65,0.21,0.09,0.2,0.03,0.8
Order,Excaliburvirales,26,7.9,8.06,0.94,4.47,9.75,0.19,0.16,0.13,0.01,0.63
Order,Bayonettevirales,153,10.59,11.0,1.53,3.46,13.53,0.13,0.07,0.14,0.01,0.84
Order,Jambiyavirales,21,4.71,5.1,1.02,1.41,6.24,0.29,0.19,0.19,0.03,0.91
Order,Demerecvirales,361,16.01,16.28,2.9,3.16,23.96,0.09,0.06,0.12,0.01,0.94
Order,Labrysvirales,33,7.06,7.21,0.84,3.16,8.54,0.13,0.09,0.11,0.01,0.72
Order,Strabovirales,595,17.22,17.64,3.81,1.73,34.28,0.12,0.08,0.14,0.0,0.93
Order,Dunevirales,13,6.88,7.07,1.29,3.74,8.66,0.2,0.13,0.18,0.05,0.74
Order,Guelinvirales,6,3.39,3.46,0.55,2.45,4.24,0.44,0.4,0.14,0.24,0.67
Order,Madridvirales,19,3.51,3.46,0.67,1.73,5.29,0.25,0.24,0.12,0.05,0.7
Order,Salasmavirales,13,4.47,4.42,0.88,2.45,6.63,0.33,0.3,0.16,0.11,0.73
Order,Schitovirales,108,8.87,8.94,1.12,3.46,11.7,0.21,0.19,0.1,0.02,0.79
Order,Methanobavirales,5,3.98,4.18,0.75,2.65,4.9,0.21,0.19,0.1,0.08,0.42
Order,Crassvirales,104,9.28,9.38,1.3,3.0,12.57,0.12,0.09,0.11,0.01,0.81
Order,Graavivirales,6,6.62,6.71,0.54,5.29,7.28,0.15,0.13,0.08,0.06,0.34
Order,Haloferuvirales,3,6.52,6.48,0.31,6.16,6.93,0.22,0.2,0.05,0.17,0.29
Order,Rountreevirales,15,4.23,4.24,0.59,2.0,5.29,0.4,0.41,0.15,0.12,0.75
Order,Fervensvirales,5,4.71,5.34,1.03,2.83,5.57,0.24,0.12,0.21,0.06,0.64
Order,Pungovirales,2,6.0,6.0,0.0,6.0,6.0,0.15,0.15,0.0,0.15,0.15
Family,Arbalestviridae,139,8.87,9.0,1.13,3.16,11.22,0.31,0.28,0.11,0.14,0.84
Family,Bombardviridae,47,8.02,8.43,1.29,3.61,10.39,0.29,0.23,0.15,0.08,0.82
Family,Bo-Shurikenviridae,46,6.91,6.0,1.85,3.61,11.0,0.55,0.66,0.2,0.23,0.88
Family,Bowieviridae,46,8.04,8.54,1.45,3.61,10.3,0.33,0.27,0.16,0.12,0.85
Family,Cannonballviridae,38,9.06,9.33,1.98,3.74,13.78,0.29,0.21,0.16,0.12,0.77
Family,Catapultviridae,36,4.84,4.8,0.72,2.45,6.93,0.49,0.51,0.13,0.11,0.85
Family,Chakramviridae,33,8.06,8.25,1.21,2.83,10.44,0.27,0.23,0.12,0.13,0.81
Family,Chukonuviridae,29,8.43,8.6,1.32,4.36,11.0,0.32,0.3,0.15,0.08,0.73
Family,Cutlassviridae,24,5.29,5.05,1.23,2.83,8.19,0.6,0.63,0.15,0.24,0.86
Family,Daneaxeviridae,23,6.45,6.16,1.46,3.16,9.06,0.47,0.52,0.18,0.14,0.84
Family,Derringerviridae,21,7.31,7.28,0.6,5.66,9.0,0.43,0.43,0.07,0.26,0.63
Family,Dirkviridae,21,7.69,7.75,1.42,4.36,10.63,0.39,0.36,0.17,0.15,0.8
Family,Excaliburviridae,19,7.65,7.94,1.04,4.47,9.64,0.26,0.22,0.13,0.12,0.63
Family,Falchionviridae,18,6.96,7.21,1.02,4.12,8.89,0.31,0.28,0.13,0.15,0.7
Family,Falconetviridae,17,8.21,8.25,1.11,4.8,9.95,0.26,0.23,0.12,0.13,0.7
Family,Fauchardviridae,16,7.84,8.21,1.55,4.36,10.15,0.35,0.26,0.16,0.16,0.72
Family,Gladiusviridae,15,6.98,7.07,1.24,4.0,9.38,0.39,0.38,0.16,0.15,0.71
Family,Glaiveviridae,15,7.08,7.21,0.99,4.36,8.66,0.39,0.36,0.13,0.19,0.71
Family,Glockviridae,15,8.71,8.89,1.35,5.2,10.77,0.29,0.26,0.14,0.12,0.71
Family,Gramrviridae,13,7.46,7.55,1.52,3.16,9.59,0.3,0.24,0.17,0.11,0.81
Family,Grenadeviridae,12,8.14,8.46,1.12,4.58,9.9,0.33,0.27,0.12,0.17,0.65
Family,Atlatlviridae,95,5.64,5.66,0.62,1.73,7.81,0.53,0.53,0.08,0.2,0.96
Family,Howitzerviridae,11,5.65,5.83,0.69,3.61,6.78,0.48,0.47,0.11,0.27,0.77
Family,Jambiyaviridae,10,4.05,4.12,0.62,2.0,5.0,0.35,0.32,0.15,0.15,0.75
Family,Javelinviridae,10,8.85,9.64,1.91,5.39,11.31,0.32,0.18,0.2,0.12,0.75
Family,Kamikazeviridae,9,5.94,5.7,0.87,4.36,7.42,0.45,0.48,0.14,0.2,0.67
Family,Katanaviridae,9,6.88,7.07,0.8,4.36,8.0,0.27,0.23,0.1,0.17,0.61
Family,Kukriviridae,9,6.04,6.48,1.14,3.61,7.55,0.37,0.28,0.18,0.17,0.73
Family,Kusanagiviridae,9,6.78,6.78,0.95,3.16,8.19,0.32,0.32,0.13,0.17,0.81
Family,Labrysviridae,7,6.32,6.4,0.58,4.58,7.0,0.25,0.23,0.09,0.15,0.54
Family,Laevateinnviridae,7,5.05,5.0,0.67,3.46,6.16,0.39,0.34,0.1,0.24,0.59
Family,Macheteviridae,6,5.99,6.24,0.91,3.74,7.07,0.34,0.29,0.13,0.19,0.66
Family,Mangonelviridae,6,7.39,7.42,0.54,6.63,8.43,0.29,0.29,0.08,0.19,0.46
Family,Matchlockviridae,6,7.05,7.28,1.49,4.58,9.22,0.44,0.42,0.19,0.18,0.74
Family,Mjï¿½lnirviridae,5,6.88,6.93,0.54,5.83,7.48,0.3,0.28,0.07,0.23,0.45
Family,Bardicheviridae,62,8.02,8.06,1.01,3.0,10.49,0.3,0.28,0.11,0.09,0.87
Family,Molotovviridae,5,6.55,6.59,0.84,4.47,7.68,0.38,0.37,0.11,0.25,0.67
Family,Mortarviridae,5,10.92,11.77,1.63,8.66,13.08,0.32,0.27,0.13,0.19,0.67
Family,Naginataviridae,5,6.25,6.56,1.33,4.0,7.75,0.41,0.3,0.18,0.24,0.74
Family,Nerfviridae,5,6.73,6.82,0.7,5.48,7.55,0.32,0.33,0.08,0.21,0.52
Family,Oblivionviridae,4,7.04,7.07,0.33,6.48,7.48,0.26,0.26,0.08,0.16,0.4
Family,Pikeviridae,4,8.28,8.59,1.27,5.74,9.49,0.38,0.34,0.14,0.26,0.64
Family,Bayonetteviridae,58,9.3,9.54,1.75,3.87,11.79,0.28,0.22,0.17,0.09,0.83
Family,Poniardviridae,4,7.41,7.58,0.8,6.08,8.37,0.37,0.35,0.08,0.28,0.49
Family,Rhomphaiaviridae,3,7.49,7.68,0.76,6.48,8.31,0.33,0.33,0.06,0.25,0.4
Family,Bazookaviridae,50,9.0,9.22,1.28,4.0,11.7,0.26,0.23,0.13,0.07,0.81
Family,Trebuchetviridae,3,9.56,10.0,0.77,8.49,10.2,0.27,0.25,0.05,0.21,0.34
Family,ZweihÃ¤nderviridae,3,6.47,6.48,0.32,6.08,6.86,0.37,0.36,0.04,0.32,0.42
Family,Aliceevansviridae_1,125,6.3,6.48,1.26,1.73,9.38,0.36,0.34,0.18,0.01,0.93
Family,Aliceevansviridae_2,26,6.47,7.14,1.46,3.0,8.37,0.35,0.23,0.2,0.11,0.82
Family,Autographiviridae_1,180,6.84,6.93,0.93,2.45,9.27,0.25,0.22,0.1,0.07,0.86
Family,Autographiviridae_2,168,6.1,6.08,0.74,2.45,8.72,0.34,0.34,0.11,0.07,0.88
Family,Autographiviridae_3,21,6.13,6.24,0.53,3.61,7.28,0.28,0.27,0.08,0.13,0.68
Family,Casjensviridae,51,7.73,7.81,1.12,3.16,10.05,0.31,0.28,0.12,0.13,0.8
Family,Chimalliviridae,50,16.56,16.85,2.79,7.75,21.77,0.18,0.16,0.1,0.07,0.8
Family,Demerecviridae,100,11.8,11.22,2.71,3.16,20.17,0.4,0.44,0.18,0.13,0.94
Family,Drexlerviridae,113,8.07,8.43,1.12,3.74,10.39,0.36,0.33,0.12,0.1,0.83
Family,Druskaviridae,3,9.38,8.72,1.15,8.43,11.0,0.28,0.24,0.12,0.17,0.45
Family,Duneviridae,7,5.8,5.92,1.09,3.74,7.21,0.36,0.3,0.2,0.11,0.74
Family,Grimontviridae,35,10.91,11.62,2.41,5.0,15.33,0.32,0.21,0.18,0.09,0.79
Family,Guelinviridae_1,5,3.15,3.24,0.5,2.45,3.87,0.52,0.53,0.12,0.35,0.67
Family,Hafunaviridae,10,7.81,7.62,1.33,6.0,10.44,0.44,0.4,0.18,0.21,0.71
Family,Herelleviridae,114,15.71,15.94,2.79,1.73,22.58,0.2,0.16,0.14,0.07,0.98
Family,Kyanoviridae,150,16.21,17.32,3.53,5.39,26.42,0.23,0.13,0.17,0.06,0.85
Family,Madridviridae,7,2.67,2.83,0.45,1.73,3.46,0.4,0.36,0.11,0.25,0.7
Family,Peduoviridae,101,5.85,6.0,0.76,2.24,7.62,0.36,0.33,0.11,0.13,0.86
Family,Saffermanviridae,4,5.02,5.0,0.4,4.36,5.74,0.27,0.23,0.09,0.17,0.42
Family,Salasmaviridae_3,3,3.35,3.32,0.3,3.0,3.74,0.48,0.5,0.09,0.36,0.57
Family,Schitoviridae_1,100,8.78,8.83,1.11,3.46,11.7,0.23,0.2,0.1,0.09,0.79
Family,Straboviridae,261,17.26,17.52,3.67,6.08,32.74,0.26,0.21,0.18,0.05,0.85
Family,Verdandiviridae,4,3.52,3.66,0.64,2.65,4.36,0.25,0.21,0.11,0.1,0.42
Family,Vertoviridae,3,7.29,7.28,0.36,6.86,7.75,0.33,0.32,0.05,0.27,0.41
Family,Vilmaviridae,59,12.5,12.77,2.39,5.0,17.69,0.2,0.15,0.15,0.06,0.83
Family,Bolasviridae,49,11.98,13.3,2.91,4.58,15.65,0.28,0.15,0.22,0.07,0.83
Family,Broadswordviridae,44,8.45,8.77,1.24,4.24,10.54,0.35,0.31,0.13,0.15,0.8
Family,Claymoreviridae,28,7.94,8.12,1.31,3.0,10.68,0.28,0.24,0.13,0.12,0.79
Family,Arquebusviridae,122,9.17,8.89,1.34,3.46,13.89,0.4,0.43,0.12,0.05,0.92
Family,Crossbowviridae,28,5.53,4.95,1.49,2.24,8.83,0.53,0.62,0.2,0.15,0.9
Family,Culverinviridae,25,12.23,11.73,2.78,7.07,16.09,0.41,0.49,0.23,0.13,0.78
Family,Daoviridae,22,6.76,6.78,1.13,3.61,8.94,0.39,0.39,0.16,0.12,0.81
Family,Durandalviridae,20,13.52,13.58,2.41,7.68,17.46,0.29,0.18,0.16,0.11,0.74
Family,Dynamiteviridae,20,6.46,6.48,0.74,4.0,7.94,0.38,0.36,0.1,0.19,0.69
Family,Arrowviridae,100,6.73,7.75,2.27,1.0,9.49,0.4,0.33,0.25,0.11,0.98
Family,Flintlockviridae,16,6.73,6.71,0.9,4.58,9.0,0.41,0.42,0.11,0.21,0.73
Family,Gungnirviridae,12,5.38,5.7,1.04,3.0,6.93,0.44,0.36,0.16,0.24,0.79
Family,Halberdviridae,11,10.02,10.39,1.47,5.74,11.87,0.3,0.23,0.14,0.15,0.67
Family,Incendiarviridae,10,8.68,8.77,0.91,6.78,10.39,0.3,0.24,0.13,0.15,0.53
Family,Kalisviridae,10,7.9,9.22,2.28,4.47,10.49,0.36,0.19,0.25,0.12,0.73
Family,Karambitviridae,9,8.73,9.67,1.75,5.0,10.68,0.37,0.26,0.17,0.2,0.75
Family,Khopeshviridae,9,16.17,17.1,2.79,10.77,19.87,0.28,0.22,0.15,0.14,0.64
Family,Ballistaviridae,78,8.58,9.0,1.31,3.0,10.54,0.33,0.31,0.16,0.1,0.87
Family,Lassoviridae,7,6.57,6.78,1.07,4.36,8.06,0.47,0.48,0.16,0.24,0.75
Family,Masamuneviridae,6,6.52,6.93,1.03,3.74,7.48,0.29,0.24,0.15,0.18,0.67
Family,Muramasaviridae,5,5.22,5.1,0.98,4.0,6.71,0.53,0.62,0.16,0.33,0.69
Family,Nightshadeviridae,5,5.85,6.04,0.72,4.8,6.71,0.32,0.28,0.13,0.18,0.53
Family,Onagerviridae,4,7.49,8.86,2.03,4.36,9.0,0.37,0.21,0.23,0.2,0.72
Family,Pepperboxviridae,4,6.41,6.38,1.31,4.69,8.19,0.41,0.4,0.19,0.21,0.69
Family,Recurveviridae,3,8.77,9.9,1.73,6.32,10.1,0.33,0.19,0.19,0.19,0.6
Family,Ripwingviridae,3,7.79,7.68,0.25,7.55,8.12,0.23,0.18,0.06,0.18,0.31
Family,Scorpionviridae,3,5.7,7.07,2.03,2.83,7.21,0.38,0.18,0.29,0.17,0.79
Family,Scytheviridae,3,6.06,7.0,1.37,4.12,7.07,0.42,0.4,0.12,0.28,0.57
Family,Shrapnelviridae,3,6.73,7.55,1.45,4.69,7.94,0.33,0.24,0.16,0.21,0.55
Family,Stilettoviridae,3,7.02,7.14,0.33,6.56,7.35,0.24,0.23,0.03,0.22,0.28
Family,Tabarviridae,3,6.82,6.86,0.33,6.4,7.21,0.27,0.25,0.05,0.22,0.34
Family,Tomahawkviridae,3,7.56,7.62,0.49,6.93,8.12,0.24,0.25,0.05,0.19,0.3
Family,Trojanviridae,3,6.57,6.78,0.35,6.08,6.86,0.26,0.26,0.02,0.24,0.29
Family,Nagantviridae,2,8.06,8.06,0.0,8.06,8.06,0.29,0.29,0.0,0.29,0.29
Family,Katarviridae,2,6.78,6.78,0.0,6.78,6.78,0.27,0.27,0.0,0.27,0.27
Family,Voulgeviridae,2,7.48,7.48,0.0,7.48,7.48,0.25,0.25,0.0,0.25,0.25
Family,Estocviridae,2,6.32,6.32,0.0,6.32,6.32,0.24,0.24,0.0,0.24,0.24
Family,Tepoztopilliviridae,2,6.4,6.4,0.0,6.4,6.4,0.25,0.25,0.0,0.25,0.25
Family,Macuahuitlviridae,2,12.29,12.29,0.0,12.29,12.29,0.16,0.16,0.0,0.16,0.16
Family,Urumiviridae,2,3.32,3.32,0.0,3.32,3.32,0.35,0.35,0.0,0.35,0.35
Family,Blunderbussviridae,50,16.5,17.58,3.27,7.0,22.0,0.23,0.15,0.18,0.09,0.8
Family,Hellfireviridae,2,6.16,6.16,0.0,6.16,6.16,0.23,0.23,0.0,0.23,0.23
Family,Ranseurviridae,2,7.14,7.14,0.0,7.14,7.14,0.25,0.25,0.0,0.25,0.25
Family,Thunderstickviridae,2,11.31,11.31,0.0,11.31,11.31,0.26,0.26,0.0,0.26,0.26
Family,Yariviridae,2,6.16,6.16,0.0,6.16,6.16,0.34,0.34,0.0,0.34,0.34
Family,Assiduviridae,4,7.29,7.42,0.41,6.63,7.75,0.24,0.23,0.05,0.18,0.32
Family,Chaseviridae,15,6.62,6.78,0.93,4.0,8.0,0.44,0.45,0.13,0.25,0.75
Family,Fredfastierviridae,3,4.38,5.48,1.68,2.0,5.66,0.36,0.15,0.3,0.14,0.79
Family,Graaviviridae,2,5.29,5.29,0.0,5.29,5.29,0.34,0.34,0.0,0.34,0.34
Family,Guelinviridae_2,4,3.22,3.23,0.34,2.83,3.61,0.47,0.44,0.12,0.33,0.65
Family,Haloferuviridae,2,6.16,6.16,0.0,6.16,6.16,0.29,0.29,0.0,0.29,0.29
Family,Halomagnusviridae,2,10.3,10.3,0.0,10.3,10.3,0.2,0.2,0.0,0.2,0.2
Family,Intestiviridae,22,6.56,6.63,0.61,4.47,7.81,0.34,0.33,0.09,0.18,0.68
Family,Mesyanzhinovviridae_1,14,7.59,8.12,1.56,3.74,9.49,0.41,0.34,0.17,0.21,0.79
Family,Mesyanzhinovviridae_2,3,2.43,2.24,0.28,2.24,2.83,0.29,0.29,0.07,0.2,0.38
Family,Mesyanzhinovviridae_3,10,7.1,7.35,0.91,4.24,8.43,0.32,0.27,0.13,0.19,0.7
Family,Molycolviridae,3,9.04,11.4,3.4,4.24,11.49,0.37,0.16,0.3,0.16,0.8
Family,Naomviridae,2,8.6,8.6,0.0,8.6,8.6,0.16,0.16,0.0,0.16,0.16
Family,Rountreeviridae_1,17,3.24,3.16,0.45,2.24,4.36,0.5,0.52,0.11,0.21,0.75
Family,Rountreeviridae_2,13,4.03,4.12,0.43,2.83,4.8,0.46,0.45,0.1,0.26,0.71
Family,Salasmaviridae_1,15,4.51,4.47,0.6,3.16,6.08,0.47,0.46,0.1,0.27,0.7
Family,Salasmaviridae_2,7,3.62,3.61,0.65,2.45,5.0,0.53,0.5,0.11,0.32,0.73
Family,Salasmaviridae_4,2,4.24,4.24,0.0,4.24,4.24,0.57,0.57,0.0,0.57,0.57
Family,Saparoviridae,2,6.0,6.0,0.0,6.0,6.0,0.29,0.29,0.0,0.29,0.29
Family,Schitoviridae_2,6,7.24,8.31,1.68,3.87,9.06,0.38,0.21,0.22,0.17,0.71
Family,Stanwilliamsviridae,29,14.9,15.36,2.2,7.75,18.36,0.33,0.24,0.15,0.12,0.77
Family,Steigviridae,17,8.8,8.43,1.38,5.29,11.62,0.27,0.28,0.12,0.07,0.67
Family,Suoliviridae,36,8.11,8.31,0.85,4.24,9.8,0.29,0.27,0.09,0.12,0.71
Family,Zierdtviridae,26,8.43,8.0,1.58,4.0,11.09,0.36,0.41,0.17,0.13,0.82
Family,Zobellviridae_1,5,6.55,6.28,1.45,3.0,8.19,0.34,0.29,0.14,0.25,0.74
Family,Zobellviridae_2,4,5.13,5.34,0.45,4.24,5.57,0.38,0.36,0.08,0.26,0.54
Subfamily,Thalassavirinae,18,6.58,6.48,1.14,4.0,8.94,0.53,0.55,0.13,0.26,0.82
Subfamily,Cressidavirinae,85,8.35,8.54,1.0,3.61,10.3,0.37,0.35,0.1,0.2,0.84
Subfamily,Mundilfarivirinae,23,6.56,6.56,0.78,3.61,8.19,0.48,0.48,0.09,0.25,0.82
Subfamily,Isonoevirinae,45,6.83,5.92,1.84,3.61,11.0,0.56,0.67,0.19,0.23,0.88
Subfamily,Themistovirinae,2,7.42,7.42,0.0,7.42,7.42,0.41,0.41,0.0,0.41,0.41
Subfamily,Anankevirinae,4,4.7,4.74,0.61,3.74,5.39,0.57,0.58,0.09,0.44,0.69
Subfamily,Atlasvirinae,13,7.12,6.44,1.82,5.1,12.21,0.55,0.6,0.14,0.22,0.77
Subfamily,Hippocampvirinae,34,4.67,4.69,0.56,2.45,6.16,0.53,0.52,0.08,0.35,0.85
Subfamily,Hermippevirinae,8,6.75,6.78,0.77,4.69,7.94,0.5,0.48,0.09,0.35,0.74
Subfamily,Diavirinae,2,5.92,5.92,0.0,5.92,5.92,0.44,0.44,0.0,0.44,0.44
Subfamily,Helikevirinae,2,6.56,6.56,0.0,6.56,6.56,0.39,0.39,0.0,0.39,0.39
Subfamily,Thyonevirinae,3,6.46,6.71,0.58,5.66,7.0,0.51,0.49,0.1,0.41,0.65
Subfamily,Elaravirinae,8,7.28,7.48,1.07,5.2,8.89,0.45,0.42,0.13,0.25,0.68
Subfamily,Margaretvirinae,2,5.48,5.48,0.0,5.48,5.48,0.46,0.46,0.0,0.46,0.46
Subfamily,Skathivirinae,18,5.41,5.48,0.81,3.16,7.14,0.6,0.6,0.09,0.4,0.84
Subfamily,Pasiphaevirinae,18,7.26,7.28,0.6,5.66,9.0,0.45,0.45,0.06,0.32,0.63
Subfamily,Naiadvirinae,2,5.92,5.92,0.0,5.92,5.92,0.47,0.47,0.0,0.47,0.47
Subfamily,Ilmarëvirinae,17,7.1,7.14,1.17,4.36,9.17,0.48,0.43,0.14,0.27,0.8
Subfamily,Mimasvirinae,3,6.38,6.4,0.1,6.24,6.48,0.41,0.41,0.02,0.38,0.42
Subfamily,Dionevirinae,5,5.91,6.12,0.68,4.47,6.86,0.4,0.39,0.08,0.28,0.58
Subfamily,Arielvirinae,8,6.59,6.52,0.96,4.8,8.6,0.46,0.47,0.08,0.33,0.63
Subfamily,Gunnlodvirinae,3,4.81,5.1,0.48,4.12,5.2,0.58,0.53,0.08,0.52,0.7
Subfamily,Jarnsaxavirinae,2,5.66,5.66,0.0,5.66,5.66,0.44,0.44,0.0,0.44,0.44
Subfamily,Franciscovirinae,3,6.92,7.0,0.33,6.48,7.28,0.4,0.38,0.04,0.36,0.46
Subfamily,Phobosvirinae,2,6.08,6.08,0.0,6.08,6.08,0.43,0.43,0.0,0.43,0.43
Subfamily,Greipvirinae,9,5.93,5.96,0.74,4.36,7.14,0.54,0.53,0.1,0.35,0.72
Subfamily,Telestovirinae,13,6.46,6.82,0.95,4.0,7.94,0.45,0.41,0.13,0.25,0.71
Subfamily,Panvirinae,2,6.56,6.56,0.0,6.56,6.56,0.42,0.42,0.0,0.42,0.42
Subfamily,Biancavirinae,12,6.8,6.96,1.08,4.36,8.66,0.44,0.42,0.12,0.26,0.71
Subfamily,Belivirinae,10,7.82,8.25,0.91,5.83,9.0,0.39,0.36,0.1,0.24,0.62
Subfamily,Aoedevirinae,6,5.67,5.83,0.79,3.16,6.4,0.53,0.51,0.09,0.42,0.81
Subfamily,Callirrhoevirinae,4,6.15,6.56,0.8,4.58,6.86,0.47,0.43,0.1,0.36,0.65
Subfamily,Styxvirinae,7,7.26,7.35,0.52,6.0,7.94,0.46,0.45,0.05,0.39,0.59
Subfamily,Stephanovirinae,94,5.61,5.66,0.59,1.73,7.35,0.54,0.54,0.07,0.33,0.96
Subfamily,Paaliaqvirinae,10,5.51,5.48,0.67,3.61,6.63,0.51,0.49,0.1,0.33,0.77
Subfamily,Tritonvirinae,3,3.25,3.87,0.88,2.0,3.87,0.47,0.35,0.2,0.32,0.75
Subfamily,Titaniavirinae,4,3.57,3.53,0.29,3.16,4.0,0.51,0.5,0.08,0.41,0.65
Subfamily,Rheavirinae,3,3.25,3.46,0.3,2.83,3.46,0.52,0.48,0.07,0.45,0.62
Subfamily,Weywotvirinae,5,7.13,6.93,0.45,6.56,7.81,0.43,0.44,0.05,0.31,0.48
Subfamily,Siarnaqvirinae,7,5.32,5.29,0.53,4.36,6.56,0.55,0.55,0.07,0.39,0.67
Subfamily,Thrymrvirinae,3,5.65,5.66,0.22,5.39,5.92,0.42,0.38,0.06,0.37,0.51
Subfamily,Ledavirinae,2,5.1,5.1,0.0,5.1,5.1,0.51,0.51,0.0,0.51,0.51
Subfamily,Ferdinandvirinae,2,5.2,5.2,0.0,5.2,5.2,0.4,0.4,0.0,0.4,0.4
Subfamily,Daphnisvirinae,2,5.48,5.48,0.0,5.48,5.48,0.46,0.46,0.0,0.46,0.46
Subfamily,Bestlavirinae,2,5.83,5.83,0.0,5.83,5.83,0.38,0.38,0.0,0.38,0.38
Subfamily,Iapetusvirinae,3,5.15,5.29,0.41,4.58,5.57,0.45,0.42,0.07,0.39,0.54
Subfamily,Umbrielvirinae,3,4.67,4.8,0.41,4.12,5.1,0.52,0.51,0.02,0.5,0.54
Subfamily,Ymirvirinae,3,4.57,4.69,0.64,3.74,5.29,0.53,0.5,0.09,0.44,0.66
Subfamily,Calypsovirinae,3,5.53,5.39,0.28,5.29,5.92,0.44,0.46,0.04,0.38,0.47
Subfamily,Rosalindvirinae,4,6.85,6.86,0.13,6.63,7.07,0.37,0.37,0.05,0.29,0.46
Subfamily,Larissavirinae,5,6.17,6.16,0.97,4.58,7.42,0.55,0.56,0.12,0.39,0.74
Subfamily,Mabvirinae,2,6.24,6.24,0.0,6.24,6.24,0.37,0.37,0.0,0.37,0.37
Subfamily,Perditavirinae,2,5.83,5.83,0.0,5.83,5.83,0.45,0.45,0.0,0.45,0.45
Subfamily,Narvivirinae,5,6.27,6.44,0.68,5.0,7.07,0.47,0.43,0.09,0.37,0.64
Subfamily,Adrasteavirinae,3,5.65,6.0,0.86,4.47,6.48,0.5,0.45,0.12,0.38,0.67
Subfamily,Hyperionvirinae,2,8.77,8.77,0.0,8.77,8.77,0.42,0.42,0.0,0.42,0.42
Subfamily,Tarqeqvirinae,3,5.01,4.8,0.46,4.58,5.66,0.56,0.57,0.08,0.46,0.66
Subfamily,Nixvirinae,2,5.57,5.57,0.0,5.57,5.57,0.38,0.38,0.0,0.38,0.38
Subfamily,Erriapusvirinae,3,6.78,6.78,0.24,6.48,7.07,0.34,0.31,0.05,0.31,0.4
Subfamily,Phoebevirinae,3,7.27,8.0,1.08,5.74,8.06,0.5,0.45,0.1,0.4,0.64
Subfamily,Megaclitevirinae,27,7.43,7.62,1.04,3.87,9.27,0.47,0.45,0.11,0.29,0.83
Subfamily,Aegirvirinae,7,6.88,7.35,1.05,4.9,8.06,0.48,0.42,0.11,0.35,0.71
Subfamily,Eggthervirinae,19,6.85,6.78,0.86,4.9,9.33,0.57,0.58,0.09,0.34,0.77
Subfamily,Saovirinae,3,6.71,6.71,0.52,6.08,7.35,0.44,0.45,0.04,0.39,0.49
Subfamily,Prosperovirinae,2,6.48,6.48,0.0,6.48,6.48,0.4,0.4,0.0,0.4,0.4
Subfamily,Deimosvirinae,10,6.69,6.86,1.15,4.0,8.6,0.49,0.49,0.14,0.26,0.79
Subfamily,Kerberosvirinae,9,7.26,7.45,0.81,4.8,8.37,0.45,0.43,0.08,0.35,0.69
Subfamily,Ijiraqvirinae,13,7.04,7.21,0.96,4.47,8.43,0.45,0.43,0.11,0.29,0.75
Subfamily,Actaeavirinae,2,8.49,8.49,0.0,8.49,8.49,0.34,0.34,0.0,0.34,0.34
Subfamily,Hyrrokkinvirinae,2,6.08,6.08,0.0,6.08,6.08,0.42,0.42,0.0,0.42,0.42
Subfamily,Hydravirinae,124,6.26,6.4,1.24,1.73,8.89,0.37,0.34,0.17,0.01,0.93
Subfamily,Praxidikevirinae,11,4.95,5.1,0.77,3.32,6.71,0.57,0.54,0.11,0.31,0.78
Subfamily,Kalykevirinae,2,5.48,5.48,0.0,5.48,5.48,0.38,0.38,0.0,0.38,0.38
Subfamily,Portiavirinae,3,5.41,5.48,0.23,5.1,5.66,0.36,0.35,0.04,0.32,0.42
Subfamily,Epimetheusvirinae,2,5.1,5.1,0.0,5.1,5.1,0.37,0.37,0.0,0.37,0.37
Subfamily,Xiangliuvirinae,2,5.2,5.2,0.0,5.2,5.2,0.31,0.31,0.0,0.31,0.31
Subfamily,Himaliavirinae,3,4.69,4.58,0.15,4.58,4.9,0.35,0.34,0.03,0.31,0.38
Subfamily,Despinavirinae,2,4.9,4.9,0.0,4.9,4.9,0.36,0.36,0.0,0.36,0.36
Subfamily,Galateavirinae,3,4.69,4.69,0.09,4.58,4.8,0.41,0.42,0.02,0.38,0.44
Subfamily,Namakavirinae,4,5.1,5.33,0.68,3.74,5.74,0.49,0.48,0.07,0.41,0.63
Subfamily,Belindavirinae,7,5.78,5.83,0.4,4.58,6.32,0.34,0.34,0.07,0.21,0.52
Subfamily,Julietvirinae,8,5.63,5.79,0.76,3.61,6.71,0.36,0.32,0.12,0.22,0.68
Subfamily,Thebevirinae,5,5.56,5.57,0.26,5.2,6.08,0.33,0.32,0.04,0.27,0.4
Subfamily,Setebosvirinae,30,6.89,7.21,1.0,3.87,8.6,0.43,0.38,0.13,0.2,0.77
Subfamily,Nesovirinae,3,6.27,6.32,0.14,6.08,6.4,0.4,0.39,0.04,0.36,0.45
Subfamily,Laomedeiavirinae,27,17.07,17.75,3.2,8.0,21.77,0.21,0.17,0.13,0.08,0.8
Subfamily,Psamathevirinae,7,11.54,11.18,0.98,10.39,13.56,0.36,0.34,0.05,0.28,0.52
Subfamily,Albiorixvirinae,2,8.83,8.83,0.0,8.83,8.83,0.49,0.49,0.0,0.49,0.49
Subfamily,Cordeliavirinae,2,12.41,12.41,0.0,12.41,12.41,0.25,0.25,0.0,0.25,0.25
Subfamily,Nereidvirinae,4,7.33,7.87,0.96,5.74,8.19,0.49,0.43,0.11,0.4,0.68
Subfamily,Hi'iakavirinae,2,6.78,6.78,0.0,6.78,6.78,0.6,0.6,0.0,0.6,0.6
Subfamily,Halimedevirinae,32,6.05,6.08,0.7,4.24,7.94,0.59,0.59,0.08,0.39,0.78
Subfamily,Carmevirinae,2,8.72,8.72,0.0,8.72,8.72,0.45,0.45,0.0,0.45,0.45
Subfamily,Dysnomiavirinae,5,5.07,4.99,0.83,3.74,6.4,0.53,0.56,0.14,0.3,0.74
Subfamily,Tethysvirinae,2,4.24,4.24,0.0,4.24,4.24,0.38,0.38,0.0,0.38,0.38
Subfamily,Calibanvirinae,9,8.73,9.14,1.57,5.0,10.95,0.42,0.36,0.14,0.27,0.79
Subfamily,Moonvirinae,4,2.86,2.81,0.42,2.45,3.46,0.6,0.62,0.06,0.5,0.67
Subfamily,Skrymirvirinae,2,6.0,6.0,0.0,6.0,6.0,0.41,0.41,0.0,0.41,0.41
Subfamily,Logevirinae,7,9.8,9.8,1.17,7.87,11.7,0.44,0.4,0.11,0.31,0.65
Subfamily,Skollvirinae,3,9.04,9.54,0.97,7.68,9.9,0.45,0.36,0.14,0.34,0.64
Subfamily,Lysitheavirinae,68,14.29,13.82,2.25,5.39,22.72,0.33,0.31,0.08,0.16,0.85
Subfamily,Titanvirinae,4,2.46,2.44,0.32,2.0,2.83,0.5,0.5,0.05,0.44,0.6
Subfamily,Callistovirinae,3,2.27,2.24,0.45,1.73,2.83,0.51,0.5,0.15,0.33,0.7
Subfamily,Alvaldivirinae,53,5.24,5.48,0.85,2.24,7.07,0.47,0.43,0.12,0.25,0.86
Subfamily,Gridrvirinae,2,5.39,5.39,0.0,5.39,5.39,0.35,0.35,0.0,0.35,0.35
Subfamily,Fenrirvirinae,6,4.65,4.8,0.53,3.61,5.29,0.48,0.44,0.1,0.38,0.68
Subfamily,Farbautivirinae,12,4.75,4.8,0.51,2.83,5.83,0.45,0.44,0.08,0.31,0.74
Subfamily,Harpalykevirinae,19,5.65,5.83,0.68,3.46,6.78,0.42,0.39,0.09,0.29,0.73
Subfamily,Pallenevirinae,5,5.02,5.1,0.49,4.36,5.83,0.48,0.47,0.08,0.34,0.6
Subfamily,Puckvirinae,2,4.36,4.36,0.0,4.36,4.36,0.42,0.42,0.0,0.42,0.42
Subfamily,Ganymedevirinae,2,3.0,3.0,0.0,3.0,3.0,0.57,0.57,0.0,0.57,0.57
Subfamily,Sycoraxvirinae,8,7.46,7.21,1.08,5.48,9.43,0.44,0.45,0.12,0.28,0.66
Subfamily,Janusvirinae,3,5.73,6.08,0.74,4.69,6.4,0.5,0.42,0.12,0.41,0.67
Subfamily,Amaltheavirinae,3,5.78,6.24,0.77,4.69,6.4,0.43,0.38,0.11,0.32,0.58
Subfamily,Metisvirinae,14,22.23,22.69,4.84,10.72,32.74,0.24,0.14,0.15,0.09,0.67
Subfamily,Opheliavirinae,18,13.23,13.42,1.15,7.42,15.39,0.47,0.47,0.09,0.3,0.71
Subfamily,Europavirinae,3,2.93,2.83,0.28,2.65,3.32,0.34,0.38,0.09,0.21,0.42
Subfamily,Surturvirinae,2,6.86,6.86,0.0,6.86,6.86,0.41,0.41,0.0,0.41,0.41
Subfamily,Kiviuqvirinae,3,7.56,7.68,0.47,6.93,8.06,0.47,0.44,0.05,0.44,0.55
Subfamily,Cupidvirinae,6,10.39,10.54,2.02,6.93,13.45,0.39,0.33,0.16,0.23,0.71
Subfamily,Sinopevirinae,14,5.97,6.0,0.67,3.87,7.35,0.56,0.55,0.07,0.43,0.79
Subfamily,Trinculovirinae,6,5.89,6.4,0.97,3.87,6.93,0.41,0.36,0.14,0.26,0.69
Subfamily,Tarvosvirinae,2,8.06,8.06,0.0,8.06,8.06,0.42,0.42,0.0,0.42,0.42
Subfamily,Prometheusvirinae,11,5.75,5.83,0.72,4.36,7.07,0.48,0.48,0.1,0.33,0.71
Subfamily,Pandoravirinae,5,5.47,5.52,0.55,4.36,6.24,0.5,0.47,0.08,0.41,0.64
Subfamily,Helenevirinae,3,4.73,4.8,0.57,4.0,5.39,0.55,0.54,0.09,0.44,0.67
Subfamily,Desdemonavirinae,2,5.74,5.74,0.0,5.74,5.74,0.45,0.45,0.0,0.45,0.45
Subfamily,Suttungrvirinae,6,4.99,5.2,0.78,3.32,6.16,0.54,0.55,0.13,0.31,0.8
Subfamily,Karivirinae,4,6.78,6.48,0.7,6.08,7.81,0.36,0.39,0.08,0.22,0.44
Subfamily,Bebhionnvirinae,3,5.69,5.39,0.57,5.2,6.48,0.41,0.46,0.08,0.29,0.48
Subfamily,Fornjotvirinae,12,6.13,6.32,0.92,3.46,7.68,0.52,0.5,0.11,0.35,0.83
Subfamily,Bergelmirvirinae,3,6.05,6.08,0.31,5.66,6.4,0.41,0.37,0.08,0.35,0.52
Subfamily,Hativirinae,2,6.4,6.4,0.0,6.4,6.4,0.45,0.45,0.0,0.45,0.45
Subfamily,Mirandavirinae,5,4.61,4.74,0.59,3.46,5.39,0.57,0.55,0.09,0.46,0.74
Subfamily,Vanthvirinae,4,7.06,7.02,0.6,6.24,7.75,0.47,0.47,0.06,0.39,0.55
Subfamily,Proteusvirinae,6,5.42,4.9,1.07,4.12,7.0,0.65,0.72,0.14,0.45,0.81
Subfamily,Oberonvirinae,6,5.18,5.0,0.46,4.47,5.83,0.43,0.44,0.08,0.31,0.57
Subfamily,Charonvirinae,2,4.24,4.24,0.0,4.24,4.24,0.57,0.57,0.0,0.57,0.57
Subfamily,Iovirinae,3,2.81,2.83,0.29,2.45,3.16,0.57,0.58,0.05,0.5,0.62
Subfamily,Enceladusvirinae,4,5.15,5.28,0.81,3.74,6.0,0.44,0.39,0.12,0.32,0.66
Subfamily,Gorskivirinae,4,9.39,10.25,1.43,7.14,10.54,0.49,0.44,0.1,0.39,0.7
Subfamily,Bronfenbrennervirinae_1,18,7.09,7.21,1.06,4.0,9.43,0.4,0.39,0.12,0.18,0.75
Subfamily,Bronfenbrennervirinae_2,4,6.88,6.82,0.43,6.4,7.75,0.4,0.41,0.03,0.33,0.42
Subfamily,Bronfenbrennervirinae_3,2,5.74,5.74,0.0,5.74,5.74,0.44,0.44,0.0,0.44,0.44
Subfamily,Pclasvirinae,22,6.62,6.56,1.16,3.61,8.54,0.51,0.52,0.14,0.27,0.85
Subfamily,Nclasvirinae,18,6.21,6.32,0.78,3.87,7.87,0.51,0.49,0.09,0.33,0.77
Subfamily,Chebruvirinae,4,6.4,6.56,0.56,5.2,6.86,0.52,0.49,0.07,0.47,0.68
Subfamily,Bclasvirinae,42,8.37,8.72,1.24,4.24,10.34,0.36,0.32,0.12,0.22,0.8
Subfamily,Deejayvirinae,12,6.67,6.4,1.2,4.58,9.43,0.54,0.52,0.09,0.37,0.76
Subfamily,Kantovirinae,7,5.57,5.48,1.02,2.83,7.0,0.56,0.52,0.09,0.47,0.81
Subfamily,Jameshumphriesvirinae,6,6.06,6.16,0.61,4.47,6.86,0.43,0.44,0.07,0.32,0.62
Subfamily,Sepvirinae_1,15,7.22,7.21,0.92,4.36,9.17,0.47,0.46,0.11,0.27,0.73
Subfamily,Sepvirinae_2,6,6.21,6.08,0.69,5.29,7.35,0.54,0.56,0.1,0.37,0.67
Subfamily,Queuovirinae_1,5,6.51,6.78,0.89,4.36,7.35,0.47,0.44,0.1,0.38,0.7
Subfamily,Queuovirinae_2,5,6.24,6.08,0.55,5.39,7.21,0.56,0.58,0.08,0.39,0.67
Subfamily,Beaumontvirinae,5,6.79,6.89,0.74,5.74,8.0,0.46,0.44,0.09,0.32,0.62
Subfamily,Queuovirinae_3,5,6.05,6.44,1.2,3.61,7.35,0.47,0.42,0.14,0.35,0.76
Subfamily,Jondennisvirinae,6,4.98,4.9,0.78,3.74,6.0,0.54,0.52,0.1,0.43,0.72
Subfamily,Gracegardnervirinae,116,8.88,8.77,0.95,3.46,11.96,0.43,0.44,0.08,0.19,0.92
Subfamily,Guarnerosvirinae,4,5.12,5.1,0.31,4.69,5.48,0.53,0.53,0.04,0.49,0.62
Subfamily,Ceeclamvirinae,20,10.73,9.82,2.25,7.07,15.56,0.55,0.63,0.18,0.18,0.78
Subfamily,Gochnauervirinae,2,5.57,5.57,0.0,5.57,5.57,0.52,0.52,0.0,0.52,0.52
Subfamily,Azeevirinae,16,6.04,6.0,0.76,3.61,7.87,0.51,0.52,0.09,0.29,0.81
Subfamily,Joanripponvirinae,12,11.85,11.98,1.37,7.68,14.25,0.43,0.39,0.1,0.28,0.74
Subfamily,Guernseyvirinae_2,7,5.8,6.0,0.8,4.0,6.78,0.47,0.48,0.1,0.31,0.69
Subfamily,Guernseyvirinae_1,12,5.93,5.92,0.46,5.0,7.35,0.47,0.47,0.06,0.33,0.58
Subfamily,Arquatrovirinae,43,6.93,7.07,0.74,4.12,8.43,0.45,0.43,0.09,0.29,0.79
Subfamily,Iiscvirinae,8,5.89,5.92,0.52,4.36,6.93,0.45,0.45,0.07,0.32,0.66
Subfamily,Dclasvirinae,2,6.08,6.08,0.0,6.08,6.08,0.42,0.42,0.0,0.42,0.42
Subfamily,Hendrixvirinae,13,6.4,6.32,0.78,4.58,8.12,0.47,0.46,0.08,0.28,0.69
Subfamily,Mccleskeyvirinae,5,4.63,4.64,0.38,3.87,5.1,0.54,0.52,0.05,0.48,0.64
Subfamily,Tybeckvirinae,7,8.85,9.22,1.1,5.74,10.39,0.42,0.4,0.09,0.3,0.67
Subfamily,Langleyhallvirinae,7,7.99,8.12,0.69,6.78,9.17,0.43,0.43,0.06,0.31,0.53
Subfamily,Sejongvirinae,5,7.09,7.07,0.85,5.1,8.12,0.52,0.53,0.1,0.38,0.71
Subfamily,Dolichocephalovirinae,8,16.47,17.49,3.04,10.77,19.87,0.31,0.24,0.15,0.17,0.64
Subfamily,Gclasvirinae,15,5.72,6.08,0.91,3.0,6.93,0.51,0.46,0.1,0.38,0.82
Subfamily,Weiservirinae_2,6,6.51,6.86,1.22,4.69,8.12,0.52,0.46,0.14,0.36,0.75
Subfamily,Weiservirinae_1,56,8.02,8.06,1.2,3.32,10.39,0.44,0.44,0.12,0.2,0.87
Subfamily,Eekayvirinae,4,4.37,4.53,0.47,3.46,4.8,0.47,0.46,0.06,0.4,0.59
Subfamily,Azeredovirinae_1,28,7.3,7.45,0.75,3.16,9.11,0.39,0.37,0.09,0.21,0.83
Subfamily,Azeredovirinae_2,16,6.67,6.78,0.78,3.0,7.87,0.46,0.45,0.1,0.31,0.87
Subfamily,Nymbaxtervirinae,16,7.44,7.55,0.88,4.24,9.22,0.45,0.43,0.1,0.26,0.81
Subfamily,Vequintavirinae_1,12,12.2,13.0,1.7,7.42,14.25,0.46,0.41,0.12,0.31,0.77
Subfamily,Vequintavirinae_2,5,12.93,12.25,2.59,9.27,16.64,0.49,0.47,0.1,0.39,0.67
Subfamily,Slopekvirinae_1,38,6.24,6.32,0.9,3.61,8.25,0.39,0.36,0.12,0.18,0.76
Subfamily,Krylovirinae,24,5.4,5.39,0.98,2.65,7.28,0.46,0.42,0.16,0.21,0.86
Subfamily,Beijerinckvirinae,25,4.75,4.69,0.76,2.45,7.0,0.58,0.6,0.12,0.29,0.86
Subfamily,Molineuxvirinae,22,5.62,5.66,0.65,3.32,7.07,0.44,0.43,0.1,0.27,0.75
Subfamily,Colwellvirinae,14,4.97,5.1,0.67,2.83,6.4,0.45,0.43,0.1,0.27,0.76
Subfamily,Slopekvirinae_2,4,4.63,4.83,0.84,3.16,5.48,0.46,0.43,0.11,0.33,0.67
Subfamily,Okabevirinae_3,2,4.9,4.9,0.0,4.9,4.9,0.47,0.47,0.0,0.47,0.47
Subfamily,Melnykvirinae,15,4.73,4.8,0.63,2.45,6.32,0.5,0.49,0.09,0.32,0.82
Subfamily,Okabevirinae_2,5,4.89,5.0,0.53,3.74,5.39,0.41,0.38,0.09,0.31,0.6
Subfamily,Okabevirinae_1,13,5.53,5.61,0.71,3.32,6.86,0.36,0.33,0.1,0.2,0.67
Subfamily,Studiervirinae_1,147,5.96,6.0,0.69,2.45,7.87,0.38,0.37,0.09,0.2,0.88
Subfamily,Studiervirinae_2,3,3.32,3.32,0.55,2.65,4.0,0.55,0.56,0.12,0.41,0.7
Subfamily,Cleopatravirinae,11,6.2,6.24,0.72,4.24,7.55,0.53,0.51,0.09,0.37,0.75
Subfamily,Nefertitivirinae,4,4.81,4.85,0.58,4.0,5.74,0.57,0.57,0.07,0.45,0.67
Subfamily,Markadamsvirinae,75,10.12,10.05,1.57,3.16,16.28,0.53,0.52,0.1,0.3,0.94
Subfamily,Ermolyevavirinae,17,11.0,10.98,2.17,5.66,15.17,0.49,0.51,0.17,0.24,0.84
Subfamily,Tempevirinae_1,58,7.61,7.81,1.1,3.74,9.54,0.42,0.38,0.12,0.24,0.83
Subfamily,Rogunavirinae,19,6.48,6.56,0.9,3.87,8.25,0.51,0.5,0.09,0.32,0.81
Subfamily,Tempevirinae_2,2,6.71,6.71,0.0,6.71,6.71,0.28,0.28,0.0,0.28,0.28
Subfamily,Denniswatsonvirinae,3,3.04,2.83,0.3,2.83,3.46,0.57,0.6,0.08,0.45,0.65
Subfamily,Bastillevirinae_2,13,12.87,13.11,1.62,5.2,15.59,0.35,0.32,0.09,0.24,0.82
Subfamily,Bastillevirinae_1,26,16.56,16.7,3.21,7.42,21.59,0.27,0.21,0.14,0.14,0.74
Subfamily,Brockvirinae,6,12.06,12.85,2.04,8.6,14.93,0.38,0.3,0.12,0.24,0.57
Subfamily,Spounavirinae,5,11.28,12.16,2.25,7.48,13.78,0.37,0.26,0.18,0.21,0.74
Subfamily,Twortvirinae,35,11.82,12.08,3.14,1.73,17.12,0.48,0.52,0.23,0.18,0.98
Subfamily,Coarsevirinae,2,5.0,5.0,0.0,5.0,5.0,0.49,0.49,0.0,0.49,0.49
Subfamily,Crudevirinae,10,6.1,6.24,0.56,4.47,7.14,0.45,0.43,0.08,0.35,0.68
Subfamily,Churivirinae,7,5.94,6.24,0.7,4.58,7.07,0.41,0.37,0.11,0.26,0.6
Subfamily,Cvivirinae,59,10.67,11.05,1.53,5.57,14.76,0.54,0.51,0.12,0.26,0.85
Subfamily,Staniewskivirinae,9,11.08,11.27,1.2,8.12,12.88,0.5,0.48,0.09,0.35,0.73
Subfamily,Rabinowitzvirinae,9,6.65,7.42,1.34,4.12,8.43,0.53,0.46,0.13,0.37,0.79
Subfamily,Bradleyvirinae_2,2,2.24,2.24,0.0,2.24,2.24,0.29,0.29,0.0,0.29,0.29
Subfamily,Bradleyvirinae_1,4,5.9,6.04,0.55,5.0,6.63,0.54,0.51,0.05,0.48,0.62
Subfamily,Rakietenvirinae,16,3.19,3.16,0.43,2.24,4.24,0.53,0.53,0.1,0.31,0.75
Subfamily,Sarlesvirinae_1,10,3.88,4.0,0.42,2.83,4.58,0.51,0.5,0.08,0.38,0.71
Subfamily,Sarlesvirinae_2,2,3.74,3.74,0.0,3.74,3.74,0.44,0.44,0.0,0.44,0.44
Subfamily,Northropvirinae_2,5,4.46,4.18,0.55,3.74,5.39,0.47,0.51,0.09,0.33,0.6
Subfamily,Northropvirinae_1,10,4.12,4.12,0.46,3.16,5.1,0.54,0.53,0.08,0.38,0.7
Subfamily,Picovirinae,5,3.55,3.61,0.6,2.45,4.36,0.58,0.57,0.1,0.43,0.73
Subfamily,Enquatrovirinae,35,7.83,7.94,1.07,4.0,9.95,0.36,0.32,0.11,0.19,0.79
Subfamily,Rhodovirinae,9,6.28,6.24,0.52,5.1,7.42,0.47,0.47,0.07,0.34,0.59
Subfamily,Demetervirinae,8,6.96,6.78,1.27,4.8,9.06,0.44,0.41,0.15,0.2,0.7
Subfamily,Migulavirinae,11,6.55,6.32,0.91,4.0,8.12,0.54,0.58,0.13,0.34,0.75
Subfamily,Pontosvirinae,5,6.38,6.28,0.69,5.2,7.48,0.51,0.51,0.06,0.42,0.59
Subfamily,Humphriesvirinae,7,6.53,6.4,0.61,5.2,7.68,0.49,0.52,0.1,0.3,0.65
Subfamily,Boydwoodruffvirinae,18,13.44,13.75,1.7,7.75,16.22,0.49,0.47,0.09,0.33,0.77
Subfamily,Loccivirinae,9,11.68,11.92,1.32,9.0,13.82,0.43,0.41,0.09,0.32,0.62
Subfamily,Asinivirinae_1,11,7.88,7.94,0.63,6.16,9.06,0.37,0.36,0.07,0.25,0.59
Subfamily,Asinivirinae_2,2,7.81,7.81,0.0,7.81,7.81,0.36,0.36,0.0,0.36,0.36
Subfamily,Tevenvirinae,207,15.39,15.91,2.87,6.32,21.95,0.35,0.3,0.17,0.13,0.85
Subfamily,Loutivirinae,26,8.21,8.37,0.85,5.2,9.8,0.32,0.3,0.09,0.19,0.71
Subfamily,Oafivirinae,8,6.3,6.52,0.84,4.24,7.87,0.4,0.37,0.1,0.26,0.67
Subfamily,Deeyouvirinae,7,8.68,9.43,1.55,5.66,10.39,0.45,0.37,0.14,0.29,0.73
Subfamily,Emilbogenvirinae,20,7.46,7.68,0.91,4.0,9.0,0.47,0.44,0.09,0.36,0.82
Subfamily,Cobavirinae,3,5.0,5.39,0.54,4.24,5.39,0.42,0.36,0.09,0.35,0.54
Subfamily,Ruthgordonvirinae,7,6.56,6.63,0.51,4.8,7.14,0.46,0.43,0.07,0.39,0.7
Subfamily,Beephvirinae,5,5.88,5.87,0.23,5.57,6.32,0.39,0.39,0.05,0.3,0.47
Subfamily,Andrewesvirinae,3,6.3,7.0,0.99,4.9,7.0,0.58,0.54,0.1,0.48,0.72
Subfamily,Trabyvirinae,5,6.12,6.2,0.6,4.8,6.93,0.43,0.39,0.09,0.33,0.64
Subfamily,Skryabinvirinae,2,5.48,5.48,0.0,5.48,5.48,0.41,0.41,0.0,0.41,0.41
Subfamily,Pelczarvirinae,11,3.56,3.61,0.67,1.41,4.8,0.53,0.52,0.14,0.28,0.91
Genus,Benedictvirus,15,5.99,6.16,0.73,4.0,7.55,0.61,0.59,0.07,0.46,0.82
Genus,Fromanvirus_5,2,4.69,4.69,0.0,4.69,4.69,0.7,0.7,0.0,0.7,0.7
Genus,Timshelvirus,3,4.69,4.69,0.09,4.58,4.8,0.72,0.72,0.01,0.71,0.74
Genus,Fromanvirus_4,3,5.03,5.2,0.24,4.69,5.2,0.7,0.69,0.02,0.68,0.73
Genus,Kimonavirus,2,5.74,5.74,0.0,5.74,5.74,0.58,0.58,0.0,0.58,0.58
Genus,Backyardiganvirus,16,5.87,6.0,0.66,3.87,7.55,0.63,0.62,0.07,0.44,0.83
Genus,Fromanvirus_2,4,5.9,6.24,0.9,4.0,6.71,0.61,0.58,0.1,0.51,0.8
Genus,Pukovnikvirus,4,5.98,5.96,0.25,5.57,6.32,0.61,0.61,0.02,0.58,0.65
Genus,Turbidovirus,15,6.77,6.78,0.61,4.36,8.06,0.55,0.55,0.06,0.42,0.78
Genus,Gladiatorvirus,10,6.32,6.4,0.68,4.69,7.42,0.62,0.61,0.07,0.51,0.78
Genus,Luchadorvirus,3,6.2,6.32,0.47,5.57,6.71,0.63,0.61,0.06,0.56,0.71
Genus,Eagleeyevirus,2,6.24,6.24,0.0,6.24,6.24,0.57,0.57,0.0,0.57,0.57
Genus,Veracruzvirus,8,6.11,6.16,0.46,5.0,6.86,0.58,0.58,0.06,0.45,0.68
Genus,Microwolfvirus,6,5.23,5.39,0.74,3.61,6.32,0.69,0.68,0.07,0.57,0.84
Genus,Fromanvirus_3,3,6.15,6.63,0.9,4.9,6.93,0.58,0.54,0.09,0.49,0.71
Genus,Pharaohvirus,3,6.22,6.16,0.14,6.08,6.4,0.55,0.56,0.02,0.52,0.58
Genus,Triavirus_2,6,5.49,5.57,0.39,4.9,6.24,0.58,0.58,0.06,0.48,0.7
Genus,Triavirus_1,10,5.93,6.08,0.63,3.61,7.0,0.55,0.53,0.08,0.43,0.82
Genus,Triavirus_3,2,6.0,6.0,0.0,6.0,6.0,0.52,0.52,0.0,0.52,0.52
Genus,Pbunavirus,35,5.44,5.48,0.54,3.61,7.07,0.71,0.71,0.05,0.56,0.88
Genus,Myosmarvirus,2,5.0,5.0,0.0,5.0,5.0,0.68,0.68,0.0,0.68,0.68
Genus,Carpasinavirus,2,4.69,4.69,0.0,4.69,4.69,0.76,0.76,0.0,0.76,0.76
Genus,Wifcevirus,4,6.55,6.48,0.49,5.83,7.21,0.61,0.63,0.05,0.53,0.66
Genus,Rimavirus,3,4.15,4.24,0.31,3.74,4.47,0.65,0.64,0.03,0.61,0.69
Genus,Mudcatvirus,12,6.39,6.32,0.67,5.1,8.0,0.61,0.62,0.06,0.46,0.77
Genus,Ceduovirus_1,20,4.55,4.58,0.46,2.83,5.74,0.54,0.54,0.07,0.4,0.78
Genus,Ceduovirus_2,14,4.46,4.58,0.63,2.45,5.83,0.54,0.53,0.1,0.35,0.85
Genus,Obolenskvirus_1,4,5.89,5.87,0.3,5.39,6.32,0.6,0.61,0.05,0.54,0.65
Genus,Obolenskvirus_2,3,6.13,6.56,1.05,4.69,7.14,0.58,0.53,0.12,0.46,0.74
Genus,Kunmingvirus,2,5.66,5.66,0.0,5.66,5.66,0.65,0.65,0.0,0.65,0.65
Genus,Pankowvirus,5,6.05,6.16,0.59,5.2,6.93,0.59,0.58,0.07,0.49,0.68
Genus,Fernvirus,17,5.34,5.39,0.8,3.16,6.78,0.62,0.61,0.09,0.48,0.84
Genus,Skatevirus,7,6.4,6.32,0.41,5.66,7.35,0.56,0.56,0.04,0.49,0.63
Genus,Cedarrivervirus,2,7.0,7.0,0.0,7.0,7.0,0.48,0.48,0.0,0.48,0.48
Genus,Deseoctovirus,2,6.16,6.16,0.0,6.16,6.16,0.51,0.51,0.0,0.51,0.51
Genus,Montyvirus,10,6.02,6.0,0.67,4.58,7.68,0.66,0.66,0.07,0.5,0.8
Genus,Demosthenesvirus,2,4.36,4.36,0.0,4.36,4.36,0.67,0.67,0.0,0.67,0.67
Genus,Getseptimavirus,2,4.47,4.47,0.0,4.47,4.47,0.7,0.7,0.0,0.7,0.7
Genus,Lastavirus,2,4.47,4.47,0.0,4.47,4.47,0.58,0.58,0.0,0.58,0.58
Genus,Cimandefvirus,5,5.79,5.96,0.56,4.8,6.78,0.51,0.49,0.07,0.39,0.63
Genus,Gervaisevirus,2,5.57,5.57,0.0,5.57,5.57,0.58,0.58,0.0,0.58,0.58
Genus,Vhmlvirus,2,4.12,4.12,0.0,4.12,4.12,0.7,0.7,0.0,0.7,0.7
Genus,Marthavirus,8,5.69,5.83,0.65,4.36,6.63,0.58,0.57,0.07,0.46,0.72
Genus,Ponsvirus,7,5.5,5.48,0.37,4.69,6.16,0.61,0.61,0.05,0.51,0.71
Genus,Emalynvirus,4,4.99,4.95,0.25,4.69,5.39,0.59,0.61,0.03,0.55,0.62
Genus,Mapvirus,2,4.0,4.0,0.0,4.0,4.0,0.68,0.68,0.0,0.68,0.68
Genus,Lambdavirus,4,5.38,5.29,0.14,5.29,5.66,0.61,0.61,0.02,0.56,0.63
Genus,Jouyvirus,6,5.55,5.66,0.71,4.36,6.93,0.59,0.58,0.07,0.43,0.71
Genus,Colneyvirus_1,2,5.83,5.83,0.0,5.83,5.83,0.62,0.62,0.0,0.62,0.62
Genus,Colneyvirus_2,2,6.24,6.24,0.0,6.24,6.24,0.54,0.54,0.0,0.54,0.54
Genus,Yongloolinvirus,3,6.16,6.0,0.28,5.92,6.56,0.58,0.57,0.01,0.57,0.59
Genus,Galaxyvirus,4,5.22,5.61,0.94,3.16,5.83,0.58,0.54,0.11,0.51,0.81
Genus,Coralvirus,2,4.69,4.69,0.0,4.69,4.69,0.66,0.66,0.0,0.66,0.66
Genus,Sargevirus,2,5.66,5.66,0.0,5.66,5.66,0.54,0.54,0.0,0.54,0.54
Genus,Kumottavirus,2,4.58,4.58,0.0,4.58,4.58,0.65,0.65,0.0,0.65,0.65
Genus,Richievirus,5,6.96,7.14,0.56,6.0,7.62,0.5,0.49,0.05,0.45,0.59
Genus,Skunavirus_1,67,5.52,5.57,0.63,1.73,7.35,0.56,0.55,0.07,0.37,0.96
Genus,Skunavirus_5,3,4.24,4.12,0.25,4.0,4.58,0.7,0.71,0.03,0.66,0.74
Genus,Skunavirus_2,15,5.16,5.2,0.53,3.74,6.32,0.58,0.57,0.06,0.45,0.75
Genus,Skunavirus_4,3,5.76,5.74,0.32,5.39,6.16,0.54,0.51,0.05,0.5,0.6
Genus,Skunavirus_3,4,5.19,5.1,0.28,4.9,5.66,0.57,0.57,0.02,0.54,0.6
Genus,Ilzatvirus,6,4.84,4.9,0.52,3.61,5.66,0.61,0.62,0.07,0.5,0.77
Genus,Kojivirus,3,5.09,5.2,0.21,4.8,5.29,0.56,0.53,0.05,0.52,0.63
Genus,Adaiavirus,2,2.0,2.0,0.0,2.0,2.0,0.75,0.75,0.0,0.75,0.75
Genus,Emperorvirus,2,3.32,3.32,0.0,3.32,3.32,0.54,0.54,0.0,0.54,0.54
Genus,Coeurvirus,2,2.83,2.83,0.0,2.83,2.83,0.62,0.62,0.0,0.62,0.62
Genus,Saphexavirus_1,2,6.56,6.56,0.0,6.56,6.56,0.48,0.48,0.0,0.48,0.48
Genus,Saphexavirus_2,2,6.86,6.86,0.0,6.86,6.86,0.48,0.48,0.0,0.48,0.48
Genus,Dhillonvirus,6,5.09,5.1,0.36,4.36,5.66,0.58,0.57,0.04,0.53,0.67
Genus,Uetakevirus,2,4.58,4.58,0.0,4.58,4.58,0.54,0.54,0.0,0.54,0.54
Genus,Burrovirus,2,4.12,4.12,0.0,4.12,4.12,0.54,0.54,0.0,0.54,0.54
Genus,Ikedavirus,2,3.74,3.74,0.0,3.74,3.74,0.66,0.66,0.0,0.66,0.66
Genus,Halcyonevirus,4,5.61,5.87,0.75,4.58,6.4,0.62,0.58,0.08,0.52,0.74
Genus,Rockefellervirus,3,5.73,5.57,0.68,5.0,6.63,0.56,0.6,0.08,0.45,0.64
Genus,Trigintaduovirus,2,4.47,4.47,0.0,4.47,4.47,0.67,0.67,0.0,0.67,0.67
Genus,Colunavirus,2,4.58,4.58,0.0,4.58,4.58,0.66,0.66,0.0,0.66,0.66
Genus,Chidieberevirus,2,5.74,5.74,0.0,5.74,5.74,0.64,0.64,0.0,0.64,0.64
Genus,Kroosvirus,7,5.57,5.48,0.71,3.87,6.93,0.66,0.66,0.07,0.54,0.83
Genus,Vividuovirus,19,6.86,6.93,0.74,4.47,8.66,0.54,0.53,0.08,0.35,0.79
Genus,Zitchvirus,3,5.59,5.48,0.23,5.39,5.92,0.61,0.61,0.02,0.58,0.63
Genus,Leonardvirus,4,5.91,6.19,0.77,4.9,6.71,0.59,0.56,0.09,0.5,0.71
Genus,Wizardvirus,18,6.65,6.71,0.68,4.9,8.31,0.59,0.59,0.07,0.42,0.77
Genus,Nonanavirus,2,6.08,6.08,0.0,6.08,6.08,0.49,0.49,0.0,0.49,0.49
Genus,Attisvirus,8,6.02,6.16,0.91,4.0,7.28,0.57,0.56,0.1,0.41,0.79
Genus,Fairfaxidumvirus,3,5.09,5.2,0.21,4.8,5.29,0.66,0.65,0.02,0.64,0.69
Genus,Jujuvirus,4,6.87,6.71,0.4,6.48,7.48,0.49,0.49,0.05,0.42,0.56
Genus,Beenievirus_1,7,5.8,5.74,0.77,4.47,7.0,0.61,0.61,0.09,0.47,0.75
Genus,Beenievirus_2,2,6.4,6.4,0.0,6.4,6.4,0.51,0.51,0.0,0.51,0.51
Genus,Moineauvirus_1,41,4.31,4.36,0.55,2.24,5.74,0.63,0.63,0.07,0.42,0.88
Genus,Brussowvirus_1,16,4.61,4.69,0.54,3.0,5.74,0.59,0.58,0.07,0.47,0.79
Genus,Moineauvirus_2,28,4.64,4.69,0.62,1.73,6.16,0.6,0.59,0.08,0.44,0.93
Genus,Brussowvirus_2,11,5.17,5.2,0.59,3.32,6.56,0.55,0.53,0.07,0.41,0.78
Genus,Brussowvirus_3,3,5.83,5.83,0.07,5.74,5.92,0.49,0.5,0.02,0.46,0.52
Genus,Moineauvirus_3,6,5.13,5.1,0.52,4.24,6.24,0.55,0.57,0.07,0.39,0.65
Genus,Piorkowskivirus,5,4.15,3.99,0.77,3.16,5.39,0.65,0.67,0.1,0.48,0.78
Genus,Moineauvirus_4,4,5.33,5.47,1.19,3.46,6.71,0.5,0.47,0.16,0.32,0.77
Genus,Moineauvirus_5,2,5.74,5.74,0.0,5.74,5.74,0.5,0.5,0.0,0.5,0.5
Genus,Vansinderenvirus_1,8,4.38,4.18,0.59,3.32,5.74,0.65,0.66,0.08,0.47,0.78
Genus,Vansinderenvirus_2,2,5.1,5.1,0.0,5.1,5.1,0.54,0.54,0.0,0.54,0.54
Genus,Foussvirus,2,3.74,3.74,0.0,3.74,3.74,0.63,0.63,0.0,0.63,0.63
Genus,Lirvirus,2,4.58,4.58,0.0,4.58,4.58,0.52,0.52,0.0,0.52,0.52
Genus,Tritonvirus,2,3.61,3.61,0.0,3.61,3.61,0.68,0.68,0.0,0.68,0.68
Genus,Tangaroavirus,3,4.37,4.36,0.51,3.74,5.0,0.56,0.57,0.09,0.46,0.67
Genus,Chivirus,15,5.57,5.57,0.58,4.24,6.86,0.63,0.63,0.07,0.47,0.77
Genus,Cenphatecvirus,2,5.48,5.48,0.0,5.48,5.48,0.54,0.54,0.0,0.54,0.54
Genus,Lavrentievavirus,3,4.31,4.36,0.34,3.87,4.69,0.67,0.65,0.04,0.63,0.73
Genus,Redjacvirus,4,6.02,6.24,0.81,4.36,6.86,0.49,0.46,0.1,0.4,0.7
Genus,Phikzvirus,9,14.09,14.64,1.85,11.27,17.35,0.3,0.29,0.09,0.18,0.55
Genus,Moabitevirus,4,11.21,12.21,1.84,8.0,12.92,0.44,0.39,0.12,0.34,0.67
Genus,Agricanvirus,6,10.46,10.44,1.43,8.06,12.96,0.66,0.68,0.09,0.49,0.8
Genus,Erskinevirus,7,11.58,10.39,2.57,8.77,16.52,0.36,0.39,0.1,0.2,0.52
Genus,Ferozepurvirus,2,11.05,11.05,0.0,11.05,11.05,0.52,0.52,0.0,0.52,0.52
Genus,Priunavirus,2,6.24,6.24,0.0,6.24,6.24,0.61,0.61,0.0,0.61,0.61
Genus,Novosibvirus,2,5.74,5.74,0.0,5.74,5.74,0.68,0.68,0.0,0.68,0.68
Genus,Webervirus,30,6.02,6.0,0.73,4.24,7.94,0.6,0.6,0.07,0.42,0.78
Genus,Unahavirus,4,4.48,4.47,0.48,3.74,5.29,0.64,0.64,0.07,0.52,0.74
Genus,Moazamivirus,2,6.08,6.08,0.0,6.08,6.08,0.63,0.63,0.0,0.63,0.63
Genus,Crifsvirus,2,5.0,5.0,0.0,5.0,5.0,0.7,0.7,0.0,0.7,0.7
Genus,Privateervirus,4,6.61,6.78,0.78,5.1,7.62,0.66,0.65,0.07,0.59,0.79
Genus,Brucesealvirus,3,2.45,2.45,0.0,2.45,2.45,0.65,0.65,0.01,0.65,0.67
Genus,Harbinvirus,4,8.64,8.43,0.54,8.12,9.59,0.6,0.6,0.04,0.53,0.65
Genus,Tybeckvirus,2,7.68,7.68,0.0,7.68,7.68,0.64,0.64,0.0,0.64,0.64
Genus,Eurybiavirus,6,10.93,11.7,1.41,8.06,12.81,0.44,0.38,0.11,0.34,0.67
Genus,Brizovirus,34,13.26,12.57,2.4,5.39,20.62,0.39,0.39,0.08,0.23,0.85
Genus,Potamoivirus,13,12.13,12.19,1.17,8.77,14.53,0.43,0.42,0.07,0.33,0.65
Genus,Atlauavirus,5,13.79,15.23,3.06,8.54,17.38,0.41,0.3,0.17,0.25,0.73
Genus,Emcearvirus,2,10.34,10.34,0.0,10.34,10.34,0.47,0.47,0.0,0.47,0.47
Genus,Serangoonvirus,2,15.17,15.17,0.0,15.17,15.17,0.3,0.3,0.0,0.3,0.3
Genus,Badaztecvirus,2,1.73,1.73,0.0,1.73,1.73,0.7,0.7,0.0,0.7,0.7
Genus,Peduovirus,26,4.03,4.0,0.49,2.24,5.29,0.65,0.65,0.07,0.45,0.86
Genus,Eganvirus,6,4.49,4.47,0.64,3.32,5.57,0.6,0.59,0.08,0.49,0.73
Genus,Felsduovirus,7,4.61,4.47,0.57,3.46,5.92,0.59,0.6,0.06,0.47,0.72
Genus,Novemvirus,3,3.91,3.74,0.24,3.74,4.24,0.6,0.62,0.03,0.55,0.62
Genus,Duonihilunusvirus,4,4.17,4.11,0.54,3.46,4.9,0.64,0.65,0.07,0.52,0.72
Genus,Elveevirus,2,4.12,4.12,0.0,4.12,4.12,0.61,0.61,0.0,0.61,0.61
Genus,Quadragintavirus,3,3.65,3.61,0.06,3.61,3.74,0.67,0.68,0.01,0.66,0.68
Genus,Bielevirus,2,4.24,4.24,0.0,4.24,4.24,0.54,0.54,0.0,0.54,0.54
Genus,Canoevirus,2,3.74,3.74,0.0,3.74,3.74,0.59,0.59,0.0,0.59,0.59
Genus,Playavirus,3,4.21,4.47,0.53,3.46,4.69,0.57,0.55,0.09,0.48,0.68
Genus,Hpunavirus,2,2.83,2.83,0.0,2.83,2.83,0.74,0.74,0.0,0.74,0.74
Genus,Kisquattuordecimvirus,3,3.83,3.74,0.12,3.74,4.0,0.67,0.67,0.02,0.65,0.69
Genus,Aptresvirus,4,5.14,5.34,0.54,4.36,5.74,0.53,0.5,0.06,0.46,0.6
Genus,Tigrvirus,4,4.26,4.36,0.43,3.46,4.69,0.63,0.62,0.05,0.58,0.73
Genus,Aresaunavirus,3,4.66,4.58,0.57,4.0,5.39,0.56,0.59,0.08,0.45,0.65
Genus,Citexvirus,3,3.91,3.87,0.16,3.74,4.12,0.65,0.64,0.02,0.63,0.68
Genus,Xuanwuvirus,4,4.74,4.63,0.4,4.36,5.29,0.52,0.54,0.06,0.44,0.6
Genus,Efbeekayvirus,2,5.48,5.48,0.0,5.48,5.48,0.6,0.6,0.0,0.6,0.6
Genus,Cbunavirus,5,6.54,6.63,0.43,5.74,7.07,0.57,0.56,0.05,0.52,0.66
Genus,Littlefixvirus,2,4.69,4.69,0.0,4.69,4.69,0.67,0.67,0.0,0.67,0.67
Genus,Pacinivirus,2,4.69,4.69,0.0,4.69,4.69,0.58,0.58,0.0,0.58,0.58
Genus,Schizotequatrovirus,4,13.37,13.47,0.5,12.45,13.96,0.5,0.5,0.03,0.47,0.55
Genus,Alcyoneusvirus,8,18.49,18.87,2.84,10.72,22.52,0.4,0.34,0.11,0.28,0.67
Genus,Alexandravirus,15,12.96,13.19,0.9,10.05,14.39,0.5,0.51,0.07,0.38,0.7
Genus,Salmondvirus,2,7.42,7.42,0.0,7.42,7.42,0.71,0.71,0.0,0.71,0.71
Genus,Mollymurvirus,2,6.93,6.93,0.0,6.93,6.93,0.55,0.55,0.0,0.55,0.55
Genus,Smoothievirus,3,7.66,7.28,0.8,6.93,8.77,0.65,0.69,0.07,0.54,0.71
Genus,Oneupvirus,2,7.14,7.14,0.0,7.14,7.14,0.57,0.57,0.0,0.57,0.57
Genus,Efquatrovirus_2,7,5.77,5.92,0.59,4.69,7.0,0.56,0.54,0.07,0.45,0.7
Genus,Efquatrovirus_1,7,5.37,5.48,0.58,3.87,6.16,0.62,0.61,0.06,0.55,0.79
Genus,Raleighvirus,2,4.69,4.69,0.0,4.69,4.69,0.54,0.54,0.0,0.54,0.54
Genus,Austintatiousvirus,3,4.23,4.24,0.29,3.87,4.58,0.65,0.65,0.03,0.61,0.69
Genus,Bruynoghevirus,7,5.27,5.1,0.58,4.36,6.48,0.58,0.61,0.08,0.43,0.71
Genus,Xipdecavirus,3,4.94,4.9,0.49,4.36,5.57,0.62,0.63,0.02,0.59,0.64
Genus,Eisenstarkvirus,2,5.1,5.1,0.0,5.1,5.1,0.49,0.49,0.0,0.49,0.49
Genus,Sozzivirus,2,4.0,4.0,0.0,4.0,4.0,0.67,0.67,0.0,0.67,0.67
Genus,Sherbrookevirus,5,4.6,4.63,0.64,3.32,5.39,0.62,0.6,0.09,0.51,0.8
Genus,Waukeshavirus,2,6.08,6.08,0.0,6.08,6.08,0.44,0.44,0.0,0.44,0.44
Genus,Beceayunavirus,2,6.32,6.32,0.0,6.32,6.32,0.43,0.43,0.0,0.43,0.43
Genus,Lillamyvirus,10,5.94,6.08,0.96,3.46,7.42,0.53,0.53,0.12,0.35,0.83
Genus,Hattifnattvirus,2,4.9,4.9,0.0,4.9,4.9,0.65,0.65,0.0,0.65,0.65
Genus,Pagevirus,4,4.24,4.3,0.46,3.46,4.8,0.62,0.61,0.08,0.52,0.74
Genus,Baltivirus,3,6.48,6.56,0.17,6.24,6.63,0.52,0.53,0.02,0.49,0.55
Genus,Elemovirus,5,4.7,4.69,0.37,4.12,5.48,0.75,0.75,0.03,0.69,0.81
Genus,Sortsnevirus,3,4.68,4.58,0.23,4.47,5.0,0.53,0.55,0.04,0.47,0.57
Genus,Harambevirus,2,2.45,2.45,0.0,2.45,2.45,0.62,0.62,0.0,0.62,0.62
Genus,Kairosalinivirus,2,4.58,4.58,0.0,4.58,4.58,0.52,0.52,0.0,0.52,0.52
Genus,Kryptosalinivirus,2,3.74,3.74,0.0,3.74,3.74,0.66,0.66,0.0,0.66,0.66
Genus,Fromanvirus_1,25,6.43,6.48,0.53,4.58,7.94,0.58,0.58,0.05,0.45,0.77
Genus,Soupsvirus,3,5.46,5.66,0.48,4.8,5.92,0.67,0.65,0.05,0.62,0.74
Genus,Rerduovirus,5,4.56,4.63,0.91,3.16,5.74,0.68,0.67,0.1,0.57,0.84
Genus,Pakpunavirus,11,7.76,7.75,0.89,5.48,9.33,0.66,0.65,0.08,0.5,0.83
Genus,Kolesnikvirus,2,4.58,4.58,0.0,4.58,4.58,0.75,0.75,0.0,0.75,0.75
Genus,Felixounavirus,24,7.97,7.94,1.06,5.2,10.3,0.58,0.59,0.09,0.41,0.8
Genus,Saclayvirus,3,7.79,8.12,0.79,6.71,8.54,0.57,0.54,0.08,0.49,0.68
Genus,Flaumdravirus,2,7.14,7.14,0.0,7.14,7.14,0.7,0.7,0.0,0.7,0.7
Genus,Nankokuvirus,5,7.85,7.87,0.23,7.35,8.19,0.6,0.6,0.03,0.57,0.66
Genus,Kremarvirus,2,7.62,7.62,0.0,7.62,7.62,0.54,0.54,0.0,0.54,0.54
Genus,Biseptimavirus_2,2,6.63,6.63,0.0,6.63,6.63,0.51,0.51,0.0,0.51,0.51
Genus,Biseptimavirus_1,6,5.51,5.48,0.63,4.0,6.48,0.58,0.57,0.07,0.49,0.75
Genus,Peeveelvirus_1,4,5.12,5.24,0.54,4.24,5.74,0.65,0.66,0.06,0.57,0.73
Genus,Peeveelvirus_2,2,4.58,4.58,0.0,4.58,4.58,0.62,0.62,0.0,0.62,0.62
Genus,Fishburnevirus,16,5.65,5.66,0.66,3.61,7.28,0.62,0.63,0.07,0.46,0.85
Genus,Phayoncevirus,3,6.27,6.32,0.2,6.0,6.48,0.55,0.54,0.03,0.52,0.59
Genus,Charlievirus_1,9,5.34,5.52,0.7,3.87,6.78,0.61,0.6,0.08,0.47,0.77
Genus,Charlievirus_2,5,5.85,5.79,0.39,5.1,6.48,0.57,0.56,0.05,0.5,0.65
Genus,Charlievirus_3,2,5.0,5.0,0.0,5.0,5.0,0.64,0.64,0.0,0.64,0.64
Genus,Brujitavirus,3,6.08,6.48,0.62,5.2,6.56,0.57,0.54,0.08,0.49,0.68
Genus,Northamptonvirus,2,4.58,4.58,0.0,4.58,4.58,0.68,0.68,0.0,0.68,0.68
Genus,Pegunavirus,8,5.46,5.57,0.4,4.36,6.08,0.7,0.69,0.04,0.64,0.8
Genus,Coopervirus,13,6.39,6.44,0.7,4.9,7.62,0.57,0.57,0.08,0.42,0.74
Genus,Rosebushvirus,4,4.71,4.69,0.33,4.24,5.29,0.73,0.74,0.04,0.66,0.78
Genus,Pipefishvirus,5,5.3,5.29,0.29,4.8,5.83,0.69,0.69,0.03,0.63,0.75
Genus,Quesadillavirus,3,6.53,6.48,0.13,6.4,6.71,0.53,0.52,0.01,0.52,0.55
Genus,Acadianvirus,4,5.82,5.79,0.51,4.9,6.63,0.61,0.62,0.06,0.52,0.72
Genus,Kenoshavirus,10,6.02,6.16,0.63,4.58,7.0,0.58,0.57,0.08,0.46,0.76
Genus,Pepyhexavirus,2,5.57,5.57,0.0,5.57,5.57,0.65,0.65,0.0,0.65,0.65
Genus,Nevevirus,4,5.04,5.0,0.34,4.47,5.57,0.62,0.62,0.04,0.57,0.68
Genus,Fremauxvirus,2,4.24,4.24,0.0,4.24,4.24,0.6,0.6,0.0,0.6,0.6
Genus,Gordonvirus,2,4.8,4.8,0.0,4.8,4.8,0.65,0.65,0.0,0.65,0.65
Genus,Naesvirus,4,4.63,4.85,0.52,3.61,5.2,0.67,0.65,0.06,0.59,0.78
Genus,Beograduvirus,2,3.74,3.74,0.0,3.74,3.74,0.73,0.73,0.0,0.73,0.73
Genus,Bakolyvirus,2,2.83,2.83,0.0,2.83,2.83,0.81,0.81,0.0,0.81,0.81
Genus,Tsukubavirus,3,4.89,4.9,0.33,4.47,5.29,0.65,0.64,0.01,0.63,0.67
Genus,Yokohamavirus,2,4.47,4.47,0.0,4.47,4.47,0.62,0.62,0.0,0.62,0.62
Genus,Traversvirus,12,6.9,6.93,0.81,5.1,8.77,0.52,0.52,0.08,0.37,0.7
Genus,Diegovirus,2,4.36,4.36,0.0,4.36,4.36,0.73,0.73,0.0,0.73,0.73
Genus,Oslovirus,5,5.79,5.7,0.36,5.29,6.4,0.6,0.61,0.04,0.53,0.67
Genus,Seuratvirus,2,5.39,5.39,0.0,5.39,5.39,0.65,0.65,0.0,0.65,0.65
Genus,Nonagvirus,4,6.01,5.96,0.45,5.39,6.86,0.59,0.6,0.05,0.49,0.67
Genus,Craquatrovirus,2,4.36,4.36,0.0,4.36,4.36,0.7,0.7,0.0,0.7,0.7
Genus,Bixiavirus,3,6.09,5.74,0.49,5.74,6.78,0.57,0.6,0.06,0.48,0.62
Genus,Iggyvirus,2,3.61,3.61,0.0,3.61,3.61,0.76,0.76,0.0,0.76,0.76
Genus,Salvavirus,2,5.92,5.92,0.0,5.92,5.92,0.52,0.52,0.0,0.52,0.52
Genus,Nipunavirus,2,4.0,4.0,0.0,4.0,4.0,0.74,0.74,0.0,0.74,0.74
Genus,Septimatrevirus,4,4.37,4.35,0.49,3.74,5.1,0.63,0.63,0.07,0.52,0.72
Genus,Lokivirus,2,3.87,3.87,0.0,3.87,3.87,0.67,0.67,0.0,0.67,0.67
Genus,Titanvirus,2,3.0,3.0,0.0,3.0,3.0,0.79,0.79,0.0,0.79,0.79
Genus,Cheoctovirus_1,60,8.56,8.6,0.69,5.0,10.39,0.45,0.45,0.06,0.31,0.77
Genus,Cheoctovirus_2,44,8.21,8.31,0.76,3.46,9.8,0.49,0.48,0.07,0.33,0.92
Genus,Corndogvirus,4,6.76,6.71,0.51,6.0,7.62,0.62,0.62,0.06,0.52,0.71
Genus,Avanivirus_1,3,8.35,8.43,0.52,7.68,8.94,0.47,0.46,0.05,0.42,0.53
Genus,Avanivirus_2,2,7.35,7.35,0.0,7.35,7.35,0.55,0.55,0.0,0.55,0.55
Genus,Cheoctovirus_3,2,9.38,9.38,0.0,9.38,9.38,0.4,0.4,0.0,0.4,0.4
Genus,Casadabanvirus,24,4.71,4.8,0.57,2.24,6.48,0.65,0.65,0.07,0.45,0.9
Genus,Mechnikovvirus,3,4.83,4.9,0.1,4.69,4.9,0.57,0.55,0.04,0.53,0.62
Genus,Bixzunavirus,18,9.74,9.54,1.01,7.07,12.41,0.63,0.65,0.07,0.44,0.78
Genus,Myrnavirus,2,9.75,9.75,0.0,9.75,9.75,0.43,0.43,0.0,0.43,0.43
Genus,Puppervirus,2,9.17,9.17,0.0,9.17,9.17,0.43,0.43,0.0,0.43,0.43
Genus,Korravirus,22,4.81,4.9,0.61,2.83,6.0,0.66,0.65,0.07,0.5,0.86
Genus,Yangvirus,14,5.79,5.83,0.66,3.61,7.48,0.55,0.54,0.08,0.39,0.81
Genus,Armstrongvirus,3,4.32,4.36,0.15,4.12,4.47,0.65,0.63,0.02,0.63,0.68
Genus,Tsamsavirus,8,10.61,10.72,0.96,7.68,12.21,0.54,0.51,0.07,0.47,0.74
Genus,Haetaevirus,2,12.0,12.0,0.0,12.0,12.0,0.47,0.47,0.0,0.47,0.47
Genus,Audreyjarvisvirus,7,9.79,10.05,0.66,8.49,11.14,0.49,0.49,0.04,0.44,0.59
Genus,Kagunavirus_2,2,5.57,5.57,0.0,5.57,5.57,0.54,0.54,0.0,0.54,0.54
Genus,Jerseyvirus_1,7,5.63,5.66,0.37,5.1,6.24,0.53,0.54,0.04,0.45,0.58
Genus,Kagunavirus_1,2,4.0,4.0,0.0,4.0,4.0,0.69,0.69,0.0,0.69,0.69
Genus,Kagunavirus_3,2,4.24,4.24,0.0,4.24,4.24,0.67,0.67,0.0,0.67,0.67
Genus,Jerseyvirus_2,2,5.0,5.0,0.0,5.0,5.0,0.58,0.58,0.0,0.58,0.58
Genus,Lessievirus,4,5.38,5.34,0.22,5.1,5.74,0.55,0.55,0.04,0.49,0.6
Genus,Camvirus,8,5.55,5.57,0.56,4.47,6.63,0.61,0.62,0.06,0.46,0.73
Genus,Arequatrovirus,4,6.12,6.12,0.91,4.36,7.14,0.55,0.55,0.1,0.43,0.75
Genus,Pahexavirus,57,3.66,3.74,0.55,1.0,5.29,0.73,0.73,0.07,0.54,0.98
Genus,Caelumvirus,12,6.5,6.67,0.57,4.8,7.62,0.5,0.49,0.07,0.37,0.7
Genus,Likavirus,14,5.76,5.92,0.71,4.12,7.28,0.6,0.58,0.08,0.44,0.79
Genus,Janusvirus,2,5.74,5.74,0.0,5.74,5.74,0.54,0.54,0.0,0.54,0.54
Genus,Foxunavirus,4,4.84,4.8,0.19,4.58,5.1,0.66,0.67,0.03,0.62,0.7
Genus,Aryavirus,2,5.57,5.57,0.0,5.57,5.57,0.53,0.53,0.0,0.53,0.53
Genus,Jilinvirus,3,4.88,5.1,0.37,4.36,5.2,0.59,0.57,0.05,0.53,0.66
Genus,Lambovirus,5,6.06,6.32,0.57,5.1,6.78,0.61,0.58,0.07,0.51,0.7
Genus,Papyrusvirus,2,4.8,4.8,0.0,4.8,4.8,0.66,0.66,0.0,0.66,0.66
Genus,Klausavirus,6,6.99,6.86,0.4,6.48,7.75,0.51,0.52,0.05,0.43,0.57
Genus,Nochtlivirus,2,6.08,6.08,0.0,6.08,6.08,0.51,0.51,0.0,0.51,0.51
Genus,Kwaitsingvirus,7,5.59,5.66,0.48,4.58,6.48,0.56,0.55,0.06,0.46,0.69
Genus,Aguilavirus,2,4.58,4.58,0.0,4.58,4.58,0.73,0.73,0.0,0.73,0.73
Genus,Abouovirus,4,6.29,6.28,0.9,5.2,7.48,0.56,0.55,0.1,0.44,0.71
Genus,Anatolevirus,2,4.58,4.58,0.0,4.58,4.58,0.6,0.6,0.0,0.6,0.6
Genus,Doucettevirus,4,5.13,5.05,0.43,4.47,5.74,0.59,0.6,0.04,0.54,0.67
Genus,Unaquatrovirus,4,4.39,4.53,0.29,3.87,4.69,0.56,0.54,0.05,0.51,0.64
Genus,Limdunavirus,7,4.28,4.47,0.58,3.0,5.29,0.63,0.63,0.08,0.5,0.79
Genus,Lidleunavirus,2,6.4,6.4,0.0,6.4,6.4,0.65,0.65,0.0,0.65,0.65
Genus,Lenusvirus,3,7.47,7.42,0.41,7.0,8.0,0.52,0.52,0.05,0.45,0.58
Genus,Maenadvirus,3,7.35,8.06,1.14,5.74,8.25,0.53,0.46,0.11,0.44,0.67
Genus,Sextaecvirus,2,6.56,6.56,0.0,6.56,6.56,0.6,0.6,0.0,0.6,0.6
Genus,Horusvirus,2,7.35,7.35,0.0,7.35,7.35,0.49,0.49,0.0,0.49,0.49
Genus,Getalongvirus,3,6.83,6.78,0.07,6.78,6.93,0.53,0.53,0.0,0.53,0.53
Genus,Homburgvirus,5,6.54,6.48,0.67,5.39,7.68,0.61,0.63,0.08,0.48,0.75
Genus,Dibbivirus,3,5.71,5.74,0.32,5.29,6.08,0.59,0.61,0.03,0.55,0.62
Genus,Rosemountvirus,6,5.07,4.9,0.56,4.47,6.4,0.68,0.68,0.04,0.59,0.73
Genus,Slashvirus,4,6.62,6.63,0.83,5.0,7.48,0.6,0.59,0.08,0.51,0.75
Genus,Basiliskvirus,4,6.64,6.93,0.73,5.1,7.28,0.57,0.54,0.07,0.51,0.71
Genus,Svunavirus,2,4.36,4.36,0.0,4.36,4.36,0.61,0.61,0.0,0.61,0.61
Genus,Hubeivirus,2,5.29,5.29,0.0,5.29,5.29,0.56,0.56,0.0,0.56,0.56
Genus,Poindextervirus,4,12.02,12.23,0.68,10.77,12.85,0.51,0.52,0.05,0.43,0.6
Genus,Colossusvirus,2,11.22,11.22,0.0,11.22,11.22,0.62,0.62,0.0,0.62,0.62
Genus,Bertelyvirus,2,12.25,12.25,0.0,12.25,12.25,0.64,0.64,0.0,0.64,0.64
Genus,Liefievirus,6,4.48,4.58,0.71,3.0,5.48,0.65,0.65,0.08,0.53,0.82
Genus,Fionnbharthvirus,4,5.15,5.0,0.38,4.69,5.66,0.69,0.7,0.05,0.62,0.75
Genus,Anayavirus,42,7.36,7.62,0.96,3.32,9.06,0.51,0.49,0.09,0.34,0.87
Genus,Kratiovirus,9,6.66,6.96,0.8,4.58,7.75,0.56,0.54,0.08,0.43,0.78
Genus,Avocadovirus,9,5.17,5.24,0.67,3.61,6.32,0.57,0.56,0.08,0.42,0.77
Genus,Timquatrovirus,4,5.59,5.64,0.65,4.69,6.4,0.66,0.66,0.07,0.58,0.75
Genus,Lomovskayavirus,5,4.43,4.36,0.46,3.61,5.1,0.65,0.64,0.05,0.57,0.73
Genus,Junavirus,3,4.77,5.57,1.13,3.16,5.57,0.66,0.6,0.11,0.58,0.81
Genus,Akonivirus,2,3.46,3.46,0.0,3.46,3.46,0.59,0.59,0.0,0.59,0.59
Genus,Metamorphoovirus,6,6.09,6.56,0.88,4.36,7.07,0.55,0.5,0.1,0.44,0.75
Genus,Muvirus,2,3.74,3.74,0.0,3.74,3.74,0.67,0.67,0.0,0.67,0.67
Genus,Bcepmuvirus,2,4.24,4.24,0.0,4.24,4.24,0.65,0.65,0.0,0.65,0.65
Genus,Phietavirus_8,2,6.24,6.24,0.0,6.24,6.24,0.51,0.51,0.0,0.51,0.51
Genus,Dubowvirus_1,6,5.77,5.92,0.99,3.0,7.75,0.6,0.59,0.1,0.38,0.87
Genus,Phietavirus_3,3,6.07,5.83,0.68,5.39,7.0,0.52,0.55,0.09,0.41,0.62
Genus,Phietavirus_5,2,6.16,6.16,0.0,6.16,6.16,0.56,0.56,0.0,0.56,0.56
Genus,Phietavirus_6,2,6.86,6.86,0.0,6.86,6.86,0.44,0.44,0.0,0.44,0.44
Genus,Phietavirus_4,3,5.51,6.16,0.98,4.12,6.24,0.63,0.56,0.1,0.56,0.77
Genus,Phietavirus_7,2,5.66,5.66,0.0,5.66,5.66,0.58,0.58,0.0,0.58,0.58
Genus,Phietavirus_1,6,6.13,6.48,0.78,4.58,7.14,0.52,0.49,0.09,0.42,0.7
Genus,Phietavirus_2,5,5.77,6.12,0.95,3.16,6.56,0.55,0.52,0.1,0.47,0.83
Genus,Coventryvirus,7,5.87,6.0,0.64,4.47,6.86,0.56,0.54,0.07,0.46,0.7
Genus,Dubowvirus_3,3,5.18,5.48,0.68,4.24,5.83,0.63,0.62,0.07,0.54,0.72
Genus,Dubowvirus_2,3,5.18,5.57,0.67,4.24,5.74,0.67,0.64,0.06,0.62,0.75
Genus,Godonkavirus,2,8.66,8.66,0.0,8.66,8.66,0.67,0.67,0.0,0.67,0.67
Genus,Vedamuthuvirus,4,4.5,4.4,0.51,4.0,5.2,0.65,0.66,0.03,0.6,0.69
Genus,Pleetrevirus,2,4.0,4.0,0.0,4.0,4.0,0.74,0.74,0.0,0.74,0.74
Genus,Amigovirus,2,5.48,5.48,0.0,5.48,5.48,0.52,0.52,0.0,0.52,0.52
Genus,Enhodamvirus,3,4.83,4.8,0.05,4.8,4.9,0.51,0.5,0.02,0.5,0.53
Genus,Ronaldovirus,2,4.36,4.36,0.0,4.36,4.36,0.72,0.72,0.0,0.72,0.72
Genus,Marvinvirus,2,4.9,4.9,0.0,4.9,4.9,0.67,0.67,0.0,0.67,0.67
Genus,Stanholtvirus,3,5.15,5.29,0.34,4.69,5.48,0.6,0.57,0.06,0.55,0.69
Genus,Dexdertvirus,3,5.71,5.83,0.3,5.29,6.0,0.58,0.55,0.05,0.54,0.64
Genus,Mardecavirus,2,6.32,6.32,0.0,6.32,6.32,0.6,0.6,0.0,0.6,0.6
Genus,Nylescharonvirus,2,2.83,2.83,0.0,2.83,2.83,0.79,0.79,0.0,0.79,0.79
Genus,Coetzeevirus,2,4.12,4.12,0.0,4.12,4.12,0.57,0.57,0.0,0.57,0.57
Genus,Bernalvirus,2,4.69,4.69,0.0,4.69,4.69,0.55,0.55,0.0,0.55,0.55
Genus,Baxterfoxvirus,2,6.56,6.56,0.0,6.56,6.56,0.51,0.51,0.0,0.51,0.51
Genus,Nymphadoravirus,11,6.84,6.93,0.77,4.24,8.25,0.52,0.52,0.08,0.38,0.81
Genus,Ruthyvirus,2,5.66,5.66,0.0,5.66,5.66,0.57,0.57,0.0,0.57,0.57
Genus,Mydovirus,10,11.76,12.41,1.76,7.42,14.25,0.5,0.44,0.11,0.36,0.77
Genus,Henunavirus,2,9.06,9.06,0.0,9.06,9.06,0.57,0.57,0.0,0.57,0.57
Genus,Certrevirus,4,10.98,11.33,1.21,9.27,12.29,0.55,0.52,0.08,0.45,0.67
Genus,Plateaulakevirus,4,10.42,10.58,1.04,8.83,11.75,0.53,0.53,0.05,0.43,0.6
Genus,Phapecoctavirus,19,11.78,10.39,2.88,7.55,15.59,0.56,0.65,0.17,0.34,0.8
Genus,Vequintavirus,7,8.53,8.66,0.86,7.0,10.05,0.67,0.66,0.07,0.56,0.77
Genus,Paclarkvirus,12,4.5,4.58,0.4,3.0,5.2,0.63,0.62,0.05,0.55,0.82
Genus,Drulisvirus_1,14,5.35,5.39,0.47,4.24,6.4,0.53,0.53,0.05,0.39,0.67
Genus,Phimunavirus,12,5.0,5.05,0.51,3.61,6.16,0.58,0.58,0.07,0.44,0.76
Genus,Phikmvvirus,16,4.55,4.69,0.62,2.65,5.92,0.63,0.62,0.08,0.43,0.86
Genus,Kotilavirus,3,4.44,4.69,0.5,3.74,4.9,0.61,0.57,0.07,0.55,0.71
Genus,Friunavirus,22,4.51,4.58,0.59,2.45,5.83,0.63,0.62,0.07,0.48,0.86
Genus,Drulisvirus_2,3,5.09,5.1,0.32,4.69,5.48,0.5,0.5,0.03,0.46,0.53
Genus,Vectrevirus,11,5.12,5.2,0.46,4.12,5.92,0.56,0.55,0.06,0.46,0.7
Genus,Acadevirus_2,2,4.24,4.24,0.0,4.24,4.24,0.58,0.58,0.0,0.58,0.58
Genus,Acadevirus_1,2,4.9,4.9,0.0,4.9,4.9,0.53,0.53,0.0,0.53,0.53
Genus,Eracentumvirus,2,3.87,3.87,0.0,3.87,3.87,0.68,0.68,0.0,0.68,0.68
Genus,Kaohsiungvirus,5,4.19,4.36,0.51,2.83,4.69,0.55,0.52,0.08,0.49,0.76
Genus,Uliginvirus,5,4.01,4.12,0.4,3.32,4.47,0.6,0.58,0.06,0.52,0.69
Genus,Murciavirus,2,3.74,3.74,0.0,3.74,3.74,0.7,0.7,0.0,0.7,0.7
Genus,Gajwadongvirus,2,4.12,4.12,0.0,4.12,4.12,0.6,0.6,0.0,0.6,0.6
Genus,Zindervirus,3,3.73,3.87,0.3,3.32,4.0,0.72,0.7,0.02,0.7,0.75
Genus,Bonnellvirus,3,4.31,4.47,0.31,3.87,4.58,0.55,0.52,0.05,0.51,0.62
Genus,Cuernavacavirus,3,4.21,4.0,0.5,3.74,4.9,0.62,0.65,0.09,0.5,0.7
Genus,Atuphduovirus,2,3.74,3.74,0.0,3.74,3.74,0.61,0.61,0.0,0.61,0.61
Genus,Maculvirus,4,4.01,4.3,0.75,2.45,4.8,0.63,0.58,0.11,0.51,0.86
Genus,Novosibovirus,2,3.16,3.16,0.0,3.16,3.16,0.67,0.67,0.0,0.67,0.67
Genus,Youngvirus,3,4.43,5.0,1.02,3.0,5.29,0.61,0.57,0.1,0.51,0.74
Genus,Ahphunavirus,8,4.25,4.36,0.6,2.45,4.8,0.57,0.54,0.09,0.49,0.82
Genus,Aerosvirus,2,4.12,4.12,0.0,4.12,4.12,0.56,0.56,0.0,0.56,0.56
Genus,Higashivirus,2,4.0,4.0,0.0,4.0,4.0,0.57,0.57,0.0,0.57,0.57
Genus,Bifseptvirus,3,3.89,4.12,0.41,3.32,4.24,0.57,0.53,0.07,0.51,0.67
Genus,Ampunavirus,2,4.12,4.12,0.0,4.12,4.12,0.57,0.57,0.0,0.57,0.57
Genus,Risjevirus,2,3.74,3.74,0.0,3.74,3.74,0.61,0.61,0.0,0.61,0.61
Genus,Pradovirus,5,4.8,4.9,0.44,4.0,5.57,0.51,0.51,0.08,0.39,0.65
Genus,Ermolevavirus,2,3.74,3.74,0.0,3.74,3.74,0.6,0.6,0.0,0.6,0.6
Genus,Przondovirus_1,27,4.96,5.0,0.43,3.32,6.08,0.55,0.55,0.06,0.4,0.75
Genus,Pektosvirus,3,3.4,3.74,0.68,2.45,4.0,0.72,0.67,0.09,0.64,0.85
Genus,Jarilovirus,2,3.61,3.61,0.0,3.61,3.61,0.67,0.67,0.0,0.67,0.67
Genus,Caroctavirus,2,5.48,5.48,0.0,5.48,5.48,0.42,0.42,0.0,0.42,0.42
Genus,Berlinvirus,16,4.48,4.53,0.45,2.83,5.29,0.61,0.59,0.07,0.5,0.82
Genus,Teetrevirus,17,4.87,4.9,0.64,2.45,6.63,0.56,0.55,0.08,0.37,0.88
Genus,Teseptimavirus_1,13,5.12,5.15,0.52,3.74,6.08,0.55,0.54,0.07,0.43,0.76
Genus,Teseptimavirus_2,3,4.31,4.36,0.24,4.0,4.58,0.59,0.57,0.04,0.57,0.64
Genus,Minipunavirus,2,4.47,4.47,0.0,4.47,4.47,0.52,0.52,0.0,0.52,0.52
Genus,Ningirsuvirus,3,3.73,3.74,0.33,3.32,4.12,0.63,0.62,0.06,0.56,0.71
Genus,Wuhanvirus,2,3.61,3.61,0.0,3.61,3.61,0.61,0.61,0.0,0.61,0.61
Genus,Warsawvirus,2,3.87,3.87,0.0,3.87,3.87,0.57,0.57,0.0,0.57,0.57
Genus,Chatterjeevirus,3,3.13,3.46,0.48,2.45,3.46,0.71,0.66,0.08,0.65,0.81
Genus,Pifdecavirus,9,4.23,4.36,0.38,3.32,4.8,0.59,0.58,0.07,0.47,0.73
Genus,Ghunavirus,10,4.49,4.58,0.58,3.16,5.57,0.58,0.57,0.09,0.41,0.79
Genus,Aarhusvirus,4,4.22,4.24,0.21,3.87,4.58,0.67,0.67,0.02,0.64,0.7
Genus,Przondovirus_2,2,2.65,2.65,0.0,2.65,2.65,0.7,0.7,0.0,0.7,0.7
Genus,Gyeongsanvirus,2,4.0,4.0,0.0,4.0,4.0,0.57,0.57,0.0,0.57,0.57
Genus,Kayfunavirus_1,11,4.84,4.8,0.45,3.87,6.08,0.58,0.58,0.06,0.43,0.71
Genus,Kayfunavirus_3,2,5.39,5.39,0.0,5.39,5.39,0.57,0.57,0.0,0.57,0.57
Genus,Helsettvirus,4,4.11,4.12,0.35,3.46,4.58,0.69,0.69,0.05,0.62,0.75
Genus,Kayfunavirus_2,4,4.74,4.64,0.27,4.47,5.29,0.56,0.58,0.05,0.47,0.62
Genus,Yonseivirus,3,5.59,5.48,0.23,5.39,5.92,0.59,0.6,0.03,0.55,0.61
Genus,Phobosvirus,2,4.0,4.0,0.0,4.0,4.0,0.66,0.66,0.0,0.66,0.66
Genus,Salvovirus,3,5.05,5.92,1.34,3.16,6.08,0.57,0.46,0.17,0.43,0.8
Genus,Sharonstreetvirus,3,4.96,5.1,0.19,4.69,5.1,0.58,0.56,0.03,0.55,0.61
Genus,Carltongylesvirus,9,5.9,6.0,0.68,4.24,7.42,0.56,0.55,0.08,0.45,0.75
Genus,Yushanvirus,3,4.38,4.24,0.38,4.0,4.9,0.63,0.65,0.04,0.57,0.67
Genus,Aphroditevirus,6,9.66,9.54,0.84,7.75,11.27,0.47,0.46,0.05,0.36,0.6
Genus,Ludhianavirus,3,10.07,10.05,0.83,9.06,11.09,0.53,0.56,0.07,0.43,0.59
Genus,Epseptimavirus,71,9.99,9.9,1.56,3.16,15.87,0.55,0.53,0.08,0.38,0.94
Genus,Sugarlandvirus,2,7.07,7.07,0.0,7.07,7.07,0.64,0.64,0.0,0.64,0.64
Genus,Hongcheonvirus,2,6.86,6.86,0.0,6.86,6.86,0.58,0.58,0.0,0.58,0.58
Genus,Jesfedecavirus,3,7.6,7.81,1.51,5.66,9.33,0.65,0.68,0.09,0.52,0.74
Genus,Thalassavirus,14,9.95,10.2,1.43,6.16,12.29,0.59,0.58,0.11,0.4,0.84
Genus,Shenzhenvirus,2,4.36,4.36,0.0,4.36,4.36,0.7,0.7,0.0,0.7,0.7
Genus,Tunavirus,14,5.87,5.92,0.58,3.87,7.14,0.63,0.62,0.06,0.48,0.81
Genus,Guelphvirus,2,6.32,6.32,0.0,6.32,6.32,0.51,0.51,0.0,0.51,0.51
Genus,Rogunavirus,8,5.06,5.15,0.59,3.87,6.16,0.66,0.64,0.08,0.54,0.81
Genus,Christensenvirus,4,6.32,6.24,0.62,5.48,7.14,0.51,0.54,0.06,0.42,0.58
Genus,Rtpvirus,4,5.58,5.52,0.16,5.48,5.92,0.57,0.57,0.02,0.53,0.58
Genus,Warwickvirus,12,5.41,5.43,0.7,3.74,6.93,0.71,0.71,0.05,0.62,0.83
Genus,Kyungwonvirus,2,4.12,4.12,0.0,4.12,4.12,0.67,0.67,0.0,0.67,0.67
Genus,Tlsvirus,9,6.34,6.36,0.57,4.47,7.21,0.58,0.56,0.06,0.5,0.75
Genus,Hanrivervirus,11,5.7,5.74,0.44,4.36,6.4,0.62,0.63,0.06,0.53,0.77
Genus,Baihuvirus,3,6.26,6.0,0.42,5.92,6.86,0.52,0.54,0.05,0.46,0.56
Genus,Kuravirus,21,8.42,8.19,1.17,6.0,11.4,0.53,0.53,0.09,0.35,0.73
Genus,Lahexavirus,4,7.1,7.34,0.75,6.08,7.94,0.62,0.6,0.07,0.53,0.72
Genus,Gregsiragusavirus,2,2.83,2.83,0.0,2.83,2.83,0.6,0.6,0.0,0.6,0.6
Genus,Haloferacalesvirus,7,6.76,6.86,0.55,6.0,7.81,0.63,0.63,0.04,0.54,0.71
Genus,Nitunavirus,4,10.97,11.34,0.77,9.49,11.79,0.48,0.45,0.05,0.44,0.57
Genus,Agatevirus,3,9.29,11.18,2.9,5.2,11.49,0.63,0.56,0.14,0.51,0.82
Genus,Caeruleovirus,6,10.81,10.86,0.86,8.94,12.53,0.52,0.53,0.04,0.45,0.64
Genus,Schiekvirus,3,9.5,9.7,0.67,8.6,10.2,0.52,0.54,0.04,0.46,0.56
Genus,Wphvirus,6,11.4,12.04,1.24,9.33,12.77,0.53,0.5,0.07,0.46,0.67
Genus,Tsarbombavirus,3,8.95,9.38,1.12,7.42,10.05,0.66,0.64,0.05,0.61,0.74
Genus,Bequatrovirus,7,12.12,12.61,1.43,8.25,14.0,0.52,0.47,0.09,0.41,0.72
Genus,Eldridgevirus,2,10.77,10.77,0.0,10.77,10.77,0.42,0.42,0.0,0.42,0.42
Genus,Siminovitchvirus,3,9.13,8.89,0.83,8.25,10.25,0.52,0.57,0.07,0.42,0.57
Genus,Okubovirus,2,7.48,7.48,0.0,7.48,7.48,0.74,0.74,0.0,0.74,0.74
Genus,Baoshanvirus,2,7.62,7.62,0.0,7.62,7.62,0.68,0.68,0.0,0.68,0.68
Genus,Sepunavirus,2,8.31,8.31,0.0,8.31,8.31,0.67,0.67,0.0,0.67,0.67
Genus,Silviavirus,4,8.3,9.0,1.66,4.58,9.17,0.62,0.58,0.1,0.55,0.85
Genus,Pecentumvirus,15,7.98,8.25,1.18,3.74,10.15,0.68,0.67,0.07,0.55,0.92
Genus,Kayvirus,25,9.39,9.87,2.18,1.73,13.3,0.69,0.65,0.12,0.44,0.98
Genus,Kochikohdavirus,3,9.86,9.95,0.32,9.43,10.2,0.53,0.52,0.03,0.51,0.57
Genus,Bastillevirus,4,10.06,9.83,1.31,8.72,11.87,0.63,0.64,0.09,0.52,0.73
Genus,Carjivirus,2,4.47,4.47,0.0,4.47,4.47,0.68,0.68,0.0,0.68,0.68
Genus,Dabirmavirus,2,5.48,5.48,0.0,5.48,5.48,0.5,0.5,0.0,0.5,0.5
Genus,Jahgtovirus,4,5.07,5.1,0.3,4.58,5.57,0.55,0.55,0.04,0.48,0.6
Genus,Delmidovirus,3,5.02,5.29,0.39,4.47,5.29,0.58,0.56,0.04,0.55,0.64
Genus,Diorhovirus,2,4.9,4.9,0.0,4.9,4.9,0.59,0.59,0.0,0.59,0.59
Genus,Kuttervirus,46,9.95,9.7,1.38,5.57,13.75,0.61,0.62,0.09,0.41,0.85
Genus,Taipeivirus,8,8.79,8.86,0.65,7.55,10.05,0.64,0.64,0.06,0.54,0.74
Genus,Nezavisimistyvirus,2,6.78,6.78,0.0,6.78,6.78,0.7,0.7,0.0,0.7,0.7
Genus,Miltonvirus,2,7.68,7.68,0.0,7.68,7.68,0.64,0.64,0.0,0.64,0.64
Genus,Innesvirus,8,10.74,10.98,1.13,8.12,12.49,0.53,0.52,0.08,0.42,0.73
Genus,Huanghaivirus,2,8.6,8.6,0.0,8.6,8.6,0.56,0.56,0.0,0.56,0.56
Genus,Menderavirus,4,10.16,10.31,0.83,8.83,11.09,0.53,0.5,0.08,0.44,0.67
Genus,Yuavirus,5,5.21,5.15,0.28,4.8,5.83,0.68,0.68,0.03,0.62,0.71
Genus,Abidjanvirus,4,4.5,4.52,0.52,3.74,5.2,0.72,0.72,0.06,0.62,0.79
Genus,Vojvodinavirus,4,5.17,5.34,0.54,4.12,5.74,0.67,0.64,0.06,0.61,0.79
Genus,Xiamenvirus,2,4.69,4.69,0.0,4.69,4.69,0.65,0.65,0.0,0.65,0.65
Genus,Bosavirus,3,5.57,5.39,0.56,5.0,6.32,0.58,0.59,0.04,0.53,0.62
Genus,Steinhofvirus,2,4.24,4.24,0.0,4.24,4.24,0.7,0.7,0.0,0.7,0.7
Genus,Mollyvirus,2,4.24,4.24,0.0,4.24,4.24,0.8,0.8,0.0,0.8,0.8
Genus,Baylorvirus,2,3.46,3.46,0.0,3.46,3.46,0.68,0.68,0.0,0.68,0.68
Genus,Rosenblumvirus_1,4,2.53,2.45,0.29,2.24,3.0,0.67,0.68,0.07,0.57,0.75
Genus,Rosenblumvirus_2,3,2.9,2.65,0.51,2.45,3.61,0.63,0.68,0.11,0.48,0.73
Genus,Rosenblumvirus_3,2,2.45,2.45,0.0,2.45,2.45,0.67,0.67,0.0,0.67,0.67
Genus,Rosenblumvirus_4,2,2.45,2.45,0.0,2.45,2.45,0.68,0.68,0.0,0.68,0.68
Genus,Rosenblumvirus_5,2,2.45,2.45,0.0,2.45,2.45,0.7,0.7,0.0,0.7,0.7
Genus,Copernicusvirus_2,2,3.0,3.0,0.0,3.0,3.0,0.68,0.68,0.0,0.68,0.68
Genus,Copernicusvirus_1,4,3.4,3.46,0.32,2.83,3.74,0.61,0.6,0.06,0.55,0.71
Genus,Copernicusvirus_3,2,3.32,3.32,0.0,3.32,3.32,0.59,0.59,0.0,0.59,0.59
Genus,Hemphillvirus,3,3.91,3.87,0.16,3.74,4.12,0.57,0.58,0.03,0.53,0.6
Genus,Claudivirus_2,3,3.26,3.16,0.14,3.16,3.46,0.67,0.68,0.03,0.62,0.7
Genus,Claudivirus_1,5,3.91,4.0,0.31,3.46,4.36,0.59,0.61,0.06,0.49,0.67
Genus,Beecentumtrevirus_2,2,2.45,2.45,0.0,2.45,2.45,0.67,0.67,0.0,0.67,0.67
Genus,Salasvirus,2,2.65,2.65,0.0,2.65,2.65,0.73,0.73,0.0,0.73,0.73
Genus,Beecentumtrevirus_1,2,2.45,2.45,0.0,2.45,2.45,0.73,0.73,0.0,0.73,0.73
Genus,Gamaleyavirus,13,6.75,6.86,0.67,4.36,8.31,0.53,0.52,0.07,0.4,0.76
Genus,Pokkenvirus,4,5.11,5.14,0.82,4.12,6.48,0.62,0.62,0.11,0.47,0.74
Genus,Johnsonvirus,2,4.69,4.69,0.0,4.69,4.69,0.7,0.7,0.0,0.7,0.7
Genus,Aorunvirus,2,6.0,6.0,0.0,6.0,6.0,0.52,0.52,0.0,0.52,0.52
Genus,Zicotriavirus,2,3.46,3.46,0.0,3.46,3.46,0.76,0.76,0.0,0.76,0.76
Genus,Dongdastvirus,4,4.75,4.77,0.68,4.0,5.66,0.7,0.7,0.08,0.6,0.79
Genus,Pourcelvirus,2,4.58,4.58,0.0,4.58,4.58,0.67,0.67,0.0,0.67,0.67
Genus,Acanvirus,6,5.98,6.0,0.69,4.8,7.35,0.56,0.56,0.08,0.39,0.7
Genus,Litunavirus,9,6.05,6.12,0.39,5.1,6.63,0.62,0.61,0.05,0.54,0.72
Genus,Luzseptimavirus,2,4.0,4.0,0.0,4.0,4.0,0.75,0.75,0.0,0.75,0.75
Genus,Gonggongvirus,3,6.11,6.16,0.21,5.83,6.32,0.56,0.56,0.02,0.53,0.58
Genus,Aoqinvirus,2,5.1,5.1,0.0,5.1,5.1,0.59,0.59,0.0,0.59,0.59
Genus,Matsuvirus,2,5.2,5.2,0.0,5.2,5.2,0.59,0.59,0.0,0.59,0.59
Genus,Dorisvirus,3,6.05,5.92,0.31,5.74,6.48,0.56,0.56,0.01,0.54,0.57
Genus,Ithacavirus,6,6.22,6.32,0.4,5.2,6.78,0.55,0.53,0.04,0.49,0.65
Genus,Pariacacavirus,2,3.87,3.87,0.0,3.87,3.87,0.69,0.69,0.0,0.69,0.69
Genus,Mukerjeevirus,4,5.89,5.74,0.68,5.0,6.93,0.59,0.61,0.1,0.43,0.71
Genus,Samistivirus,17,13.32,13.58,1.75,7.75,16.22,0.5,0.49,0.09,0.37,0.77
Genus,Wakandavirus,3,9.47,9.06,0.62,9.0,10.34,0.58,0.61,0.06,0.49,0.62
Genus,Faustvirus,6,10.92,11.0,0.94,9.06,12.08,0.48,0.48,0.06,0.4,0.61
Genus,Kolpuevirus,3,7.13,7.28,0.73,6.16,7.94,0.51,0.49,0.06,0.44,0.59
Genus,Kehishuvirus,2,7.07,7.07,0.0,7.07,7.07,0.5,0.5,0.0,0.5,0.5
Genus,Kahnovirus,2,6.16,6.16,0.0,6.16,6.16,0.53,0.53,0.0,0.53,0.53
Genus,Lightbulbvirus,2,5.29,5.29,0.0,5.29,5.29,0.67,0.67,0.0,0.67,0.67
Genus,Tequatrovirus,96,11.04,10.39,1.74,6.32,15.56,0.62,0.67,0.1,0.4,0.85
Genus,Ceceduovirus,4,13.73,14.06,1.48,11.7,15.49,0.49,0.45,0.11,0.39,0.68
Genus,Pseudotevenvirus,14,12.23,12.57,1.52,8.19,14.73,0.54,0.54,0.09,0.42,0.76
Genus,Cinqassovirus,4,11.86,11.9,0.24,11.49,12.21,0.53,0.52,0.02,0.51,0.56
Genus,Lazarusvirus,13,10.4,10.93,1.86,6.86,13.11,0.58,0.55,0.14,0.37,0.81
Genus,Krischvirus,6,9.31,9.43,0.78,7.62,10.63,0.72,0.71,0.04,0.64,0.8
Genus,Cuauhnahuacvirus,2,7.55,7.55,0.0,7.55,7.55,0.71,0.71,0.0,0.71,0.71
Genus,Sarumanvirus,2,8.12,8.12,0.0,8.12,8.12,0.66,0.66,0.0,0.66,0.66
Genus,Emdodecavirus,3,11.54,11.58,0.43,11.0,12.04,0.56,0.57,0.04,0.5,0.6
Genus,Tulanevirus,9,10.35,10.3,0.85,8.72,12.0,0.57,0.56,0.07,0.45,0.71
Genus,Fletchervirus,5,7.45,7.58,0.6,6.08,8.19,0.64,0.63,0.05,0.58,0.72
Genus,Firehammervirus,3,9.13,9.49,0.77,8.06,9.85,0.54,0.5,0.07,0.48,0.63
Genus,Dhakavirus,18,11.99,12.12,1.5,7.35,15.1,0.56,0.55,0.08,0.4,0.82
Genus,Gelderlandvirus,13,13.17,14.07,1.76,8.72,14.93,0.45,0.4,0.11,0.34,0.72
Genus,Kanagawavirus,14,13.56,13.93,1.54,8.77,15.91,0.42,0.39,0.09,0.31,0.69
Genus,Jiaodavirus,6,10.2,9.9,0.76,8.77,11.53,0.62,0.63,0.05,0.51,0.71
Genus,Muldoonvirus,2,8.66,8.66,0.0,8.66,8.66,0.65,0.65,0.0,0.65,0.65
Genus,Bragavirus,4,10.85,11.28,1.44,8.25,12.37,0.53,0.5,0.11,0.42,0.71
Genus,Buchavirus_2,2,6.78,6.78,0.0,6.78,6.78,0.46,0.46,0.0,0.46,0.46
Genus,Buchavirus_1,7,6.56,6.71,0.74,5.2,8.0,0.52,0.49,0.1,0.36,0.71
Genus,Afonbuvirus,3,6.85,7.0,0.64,6.0,7.55,0.52,0.54,0.02,0.49,0.54
Genus,Aurodevirus,2,5.57,5.57,0.0,5.57,5.57,0.59,0.59,0.0,0.59,0.59
Genus,Culoivirus,3,6.43,6.32,0.2,6.24,6.71,0.55,0.55,0.03,0.51,0.58
Genus,Blohavirus,2,6.4,6.4,0.0,6.4,6.4,0.54,0.54,0.0,0.54,0.54
Genus,Birpovirus,2,5.66,5.66,0.0,5.66,5.66,0.57,0.57,0.0,0.57,0.57
Genus,Canhaevirus,2,6.0,6.0,0.0,6.0,6.0,0.56,0.56,0.0,0.56,0.56
Genus,Burzaovirus,3,4.73,4.47,0.54,4.24,5.48,0.61,0.67,0.08,0.49,0.67
Genus,Buhlduvirus,3,5.46,5.48,0.37,5.0,5.92,0.5,0.5,0.06,0.42,0.56
Genus,Nevillevirus,3,6.67,6.56,0.88,5.66,7.81,0.6,0.61,0.07,0.51,0.68
Genus,Omegavirus,6,11.7,11.96,1.31,8.25,13.6,0.45,0.42,0.08,0.35,0.67
Genus,Reyvirus,6,7.92,8.37,1.19,5.39,9.43,0.54,0.5,0.11,0.39,0.77
Genus,Kostyavirus,9,7.09,7.11,0.72,5.0,8.31,0.66,0.66,0.07,0.55,0.83
Genus,Faithunavirus,19,8.12,8.43,1.08,5.29,9.9,0.51,0.47,0.1,0.35,0.76
Genus,Octobienvirus,4,7.22,7.36,0.81,5.92,8.06,0.6,0.59,0.08,0.52,0.73
Genus,Gruunavirus,4,6.13,6.0,0.36,5.74,6.78,0.6,0.6,0.03,0.55,0.63
Genus,Kablunavirus,6,6.84,7.42,1.0,5.2,8.06,0.54,0.48,0.11,0.42,0.71
Genus,Ceetrepovirus,5,5.66,5.52,0.37,5.2,6.32,0.65,0.64,0.03,0.6,0.71
Genus,Foxborovirus,8,6.34,7.07,1.37,4.0,8.12,0.59,0.52,0.13,0.43,0.82
Genus,Melvirus,2,3.0,3.0,0.0,3.0,3.0,0.74,0.74,0.0,0.74,0.74
Genus,Siovirus,2,4.24,4.24,0.0,4.24,4.24,0.54,0.54,0.0,0.54,0.54
Genus,Samwavirus,5,5.05,5.09,0.53,4.12,6.0,0.58,0.58,0.07,0.45,0.7
Genus,Bridgettevirus,5,5.21,5.15,0.22,4.9,5.57,0.58,0.58,0.03,0.53,0.62
Genus,Teubervirus,5,5.94,5.83,0.72,4.47,7.14,0.62,0.59,0.08,0.5,0.76
Genus,Schmidtvirus,2,5.74,5.74,0.0,5.74,5.74,0.55,0.55,0.0,0.55,0.55
Genus,Vendettavirus,2,4.8,4.8,0.0,4.8,4.8,0.7,0.7,0.0,0.7,0.7
Genus,Immanueltrevirus,2,5.57,5.57,0.0,5.57,5.57,0.47,0.47,0.0,0.47,0.47
Genus,Pippivirus,2,3.32,3.32,0.0,3.32,3.32,0.69,0.69,0.0,0.69,0.69
Genus,Ficleduovirus,2,4.69,4.69,0.0,4.69,4.69,0.6,0.6,0.0,0.6,0.6
Genus,Punavirus,3,7.93,8.25,0.62,7.07,8.49,0.52,0.52,0.02,0.49,0.54
Genus,Barbavirus,5,7.31,7.55,1.17,4.9,8.72,0.61,0.58,0.1,0.47,0.82
Genus,Ravarandavirus,3,8.14,8.43,0.62,7.28,8.72,0.52,0.54,0.08,0.41,0.6
Genus,Fukuivirus,2,6.16,6.16,0.0,6.16,6.16,0.64,0.64,0.0,0.64,0.64
Genus,Vipetofemvirus,2,4.9,4.9,0.0,4.9,4.9,0.72,0.72,0.0,0.72,0.72
Genus,Carnodivirus,2,4.69,4.69,0.0,4.69,4.69,0.56,0.56,0.0,0.56,0.56
Genus,Detrevirus,2,5.83,5.83,0.0,5.83,5.83,0.52,0.52,0.0,0.52,0.52
Genus,Psavirus,2,4.8,4.8,0.0,4.8,4.8,0.64,0.64,0.0,0.64,0.64
Genus,Fibralongavirus,2,4.58,4.58,0.0,4.58,4.58,0.58,0.58,0.0,0.58,0.58
Genus,Leicestervirus,3,3.83,3.74,0.12,3.74,4.0,0.69,0.7,0.02,0.66,0.71
Genus,Carmenvirus,3,4.16,4.47,0.85,3.0,5.0,0.67,0.65,0.09,0.57,0.8
Genus,Cecivirus,2,5.57,5.57,0.0,5.57,5.57,0.54,0.54,0.0,0.54,0.54
Genus,Lwoffvirus,2,3.61,3.61,0.0,3.61,3.61,0.63,0.63,0.0,0.63,0.63
Genus,Cequinquevirus,6,4.62,4.47,0.35,4.24,5.48,0.62,0.62,0.04,0.52,0.7
Genus,Kelleziovirus,2,4.12,4.12,0.0,4.12,4.12,0.64,0.64,0.0,0.64,0.64
Genus,Laroyevirus,4,5.77,5.91,0.81,4.24,6.78,0.65,0.64,0.11,0.51,0.84
Genus,Woodruffvirus,2,4.36,4.36,0.0,4.36,4.36,0.6,0.6,0.0,0.6,0.6
Genus,Freyavirus,2,3.87,3.87,0.0,3.87,3.87,0.65,0.65,0.0,0.65,0.65
Genus,Incheonvirus,2,4.0,4.0,0.0,4.0,4.0,0.62,0.62,0.0,0.62,0.62
Genus,Fipvunavirus,2,3.0,3.0,0.0,3.0,3.0,0.81,0.81,0.0,0.81,0.81
Genus,Callevirus,2,4.47,4.47,0.0,4.47,4.47,0.6,0.6,0.0,0.6,0.6
Genus,Andromedavirus,8,6.07,6.28,0.82,4.12,6.93,0.54,0.5,0.1,0.43,0.75
Genus,Oshimavirus,2,3.74,3.74,0.0,3.74,3.74,0.71,0.71,0.0,0.71,0.71
Genus,Sendosyvirus,2,3.16,3.16,0.0,3.16,3.16,0.72,0.72,0.0,0.72,0.72
Genus,Kochitakasuvirus,2,4.12,4.12,0.0,4.12,4.12,0.65,0.65,0.0,0.65,0.65
Genus,Perisivirus,2,3.32,3.32,0.0,3.32,3.32,0.65,0.65,0.0,0.65,0.65
Genus,Hollowayvirus,2,5.1,5.1,0.0,5.1,5.1,0.51,0.51,0.0,0.51,0.51
Genus,Firingavirus,2,4.47,4.47,0.0,4.47,4.47,0.58,0.58,0.0,0.58,0.58
Genus,Paopuvirus,9,3.19,3.16,0.49,1.41,4.24,0.61,0.6,0.1,0.38,0.91
Genus,Minhovirus,2,2.0,2.0,0.0,2.0,2.0,0.75,0.75,0.0,0.75,0.75
Genus,Inhavirus,2,3.74,3.74,0.0,3.74,3.74,0.64,0.64,0.0,0.64,0.64
Genus,Schmidvirus,3,3.15,3.16,0.26,2.83,3.46,0.55,0.55,0.06,0.48,0.64
Genus,Andhravirus,4,2.64,2.64,0.19,2.45,2.83,0.62,0.63,0.05,0.56,0.67
Genus,Helsingorvirus,3,4.82,5.0,0.33,4.36,5.1,0.59,0.57,0.04,0.56,0.65
Genus,Holosalinivirus,2,3.16,3.16,0.0,3.16,3.16,0.58,0.58,0.0,0.58,0.58
